PaymentType,MerchantReferenceId,PhonePeReferenceId,From,Instrument,Flow Type,CreationDate,TransactionDate,SettlementDate,BankReferenceNo,Amount,Fee,IGST,CGST,SGST
PAYMENT,KTCL-GN2412006669-68dfb5fc1b311,OMO2510031709402466909010,PhonePe Private Limited,UPI_FULFILMENT,,03-10-2025,03-10-2025,04-10-2025,AXNPN27701342567,100.0,0.0,0.0,0.0,0.0
PAYMENT,KTCL-GN2412003661-68dfc54c41f8c,OMO2510031815003921545332,PhonePe Private Limited,UPI_FULFILMENT,,03-10-2025,03-10-2025,04-10-2025,AXNPN27701342567,200.0,0.0,0.0,0.0,0.0
PAYMENT,KTCL-ST2503003338-68df25519b332,OMO2510030652257794119917,PhonePe Private Limited,UPI_WALLET_FULFILMENT,,03-10-2025,03-10-2025,04-10-2025,AXNPN27701342567,400.0,-7.4,-1.332,0.0,0.0
PAYMENT,KTCL-GN2412004672-68df35a1d798e,OMO2510030802020052962716,PhonePe Private Limited,UPI_FULFILMENT,,03-10-2025,03-10-2025,04-10-2025,AXNPN27701342567,500.0,0.0,0.0,0.0,0.0
PAYMENT,KTCL-GNP2505001977-68df22b90fcc1,OMO2510030641212144119803,PhonePe Private Limited,UPI_FULFILMENT,,03-10-2025,03-10-2025,04-10-2025,AXNPN27701342567,100.0,0.0,0.0,0.0,0.0
PAYMENT,KTCL-ST2501002277-68dee4cece012,OMO2510030217109896198892,PhonePe Private Limited,UPI_FULFILMENT,,03-10-2025,03-10-2025,04-10-2025,AXNPN27701342567,500.0,0.0,0.0,0.0,0.0
PAYMENT,KTCL-GN2502015505-68df4c92477e3,OMO2510030939544771763757,PhonePe Private Limited,UPI_FULFILMENT,,03-10-2025,03-10-2025,04-10-2025,AXNPN27701342567,500.0,0.0,0.0,0.0,0.0
PAYMENT,KTCL-ST2501002916-68df3efd9b441,OMO2510030841577881424035,PhonePe Private Limited,UPI_FULFILMENT,,03-10-2025,03-10-2025,04-10-2025,AXNPN27701342567,100.0,0.0,0.0,0.0,0.0
PAYMENT,KTCL-GN2505020573-68df3ceb9c493,OMO2510030833077565447163,PhonePe Private Limited,PG_CC_FULFILMENT,,03-10-2025,03-10-2025,04-10-2025,AXNPN27701342567,100.0,0.0,0.0,0.0,0.0
CONVENIENCE_FEE,KTCL-GN2505020573-68df3ceb9c493,T2510030834037054936033,PhonePe Private Limited,PG_CC_ADDITIONAL_FEE_REVENUE,,03-10-2025,03-10-2025,04-10-2025,AXNPN27701342567,-2.3,1.949153,0.350847,0.0,0.0
PAYMENT,KTCL-GN2412000820-68dfcef4ac939,OMO2510031856128812420004,PhonePe Private Limited,UPI_FULFILMENT,,03-10-2025,03-10-2025,04-10-2025,AXNPN27701342567,101.0,0.0,0.0,0.0,0.0
PAYMENT,KTCL-GN2412002258-68dfd030d0889,OMO2510031901290262430392,PhonePe Private Limited,UPI_FULFILMENT,,03-10-2025,03-10-2025,04-10-2025,AXNPN27701342567,200.0,0.0,0.0,0.0,0.0
PAYMENT,KTCL-GN2505021725-68dfba4dd1e51,OMO2510031728059981776453,PhonePe Private Limited,UPI_FULFILMENT,,03-10-2025,03-10-2025,04-10-2025,AXNPN27701342567,100.0,0.0,0.0,0.0,0.0
PAYMENT,KTCL-GN2502012374-68df3734479db,OMO2510030808443974755859,PhonePe Private Limited,UPI_FULFILMENT,,03-10-2025,03-10-2025,04-10-2025,AXNPN27701342567,500.0,0.0,0.0,0.0,0.0
PAYMENT,KTCL-GN2502015298-68df39ffa91fb,OMO2510030820398082962964,PhonePe Private Limited,UPI_FULFILMENT,,03-10-2025,03-10-2025,04-10-2025,AXNPN27701342567,100.0,0.0,0.0,0.0,0.0
PAYMENT,KTCL-GN2502018934-68df56ab1db2c,OMO2510031022593057183291,PhonePe Private Limited,UPI_FULFILMENT,,03-10-2025,03-10-2025,04-10-2025,AXNPN27701342567,500.0,0.0,0.0,0.0,0.0
PAYMENT,KTCL-GN2502011160-68df9470aa125,OMO2510031446329209730374,PhonePe Private Limited,UPI_FULFILMENT,,03-10-2025,03-10-2025,04-10-2025,AXNPN27701342567,1000.0,0.0,0.0,0.0,0.0
PAYMENT,KTCL-GN2505022866-68dfc37bd182a,OMO2510031807159885073033,PhonePe Private Limited,UPI_FULFILMENT,,03-10-2025,03-10-2025,04-10-2025,AXNPN27701342567,200.0,0.0,0.0,0.0,0.0
PAYMENT,KTCL-GN2412005652-68dfc516d966f,OMO2510031814070126909316,PhonePe Private Limited,UPI_FULFILMENT,,03-10-2025,03-10-2025,04-10-2025,AXNPN27701342567,1000.0,0.0,0.0,0.0,0.0
PAYMENT,KTCL-GN2505021754-68dfc638d96e1,OMO2510031818570264168607,PhonePe Private Limited,UPI_FULFILMENT,,03-10-2025,03-10-2025,04-10-2025,AXNPN27701342567,200.0,0.0,0.0,0.0,0.0
PAYMENT,KTCL-GN2502015895-68dfbb7fb8b54,OMO2510031733118752430129,PhonePe Private Limited,PG_CC_FULFILMENT,,03-10-2025,03-10-2025,04-10-2025,AXNPN27701342567,500.0,0.0,0.0,0.0,0.0
CONVENIENCE_FEE,KTCL-GN2502015895-68dfbb7fb8b54,T2510031733331164532841,PhonePe Private Limited,PG_CC_ADDITIONAL_FEE_REVENUE,,03-10-2025,03-10-2025,04-10-2025,AXNPN27701342567,-11.5,9.745763,1.754237,0.0,0.0
PAYMENT,KTCL-GN2505020920-68dfccffc4110,OMO2510031847519548862749,PhonePe Private Limited,UPI_FULFILMENT,,03-10-2025,03-10-2025,04-10-2025,AXNPN27701342567,1500.0,0.0,0.0,0.0,0.0
PAYMENT,KTCL-GN2412002683-68df27c7387ac,OMO2510030702553401616320,PhonePe Private Limited,UPI_FULFILMENT,,03-10-2025,03-10-2025,04-10-2025,AXNPN27701342567,1000.0,0.0,0.0,0.0,0.0
PAYMENT,KTCL-ST2507004120-68dfe561067f1,OMO2510032031531820878307,PhonePe Private Limited,UPI_CC_FULFILMENT,,03-10-2025,03-10-2025,04-10-2025,AXNPN27701342567,200.0,-4.0,-0.72,0.0,0.0
PAYMENT,KTCL-GN2412009286-68df3788a88d9,OMO2510030810087861763106,PhonePe Private Limited,UPI_FULFILMENT,,03-10-2025,03-10-2025,04-10-2025,AXNPN27701342567,500.0,0.0,0.0,0.0,0.0
PAYMENT,KTCL-ST2412000312-68df3228712f7,OMO2510030747125782962790,PhonePe Private Limited,UPI_FULFILMENT,,03-10-2025,03-10-2025,04-10-2025,AXNPN27701342567,500.0,0.0,0.0,0.0,0.0
PAYMENT,KTCL-ST2507003666-68df3d55c469a,OMO2510030834539165447849,PhonePe Private Limited,UPI_FULFILMENT,,03-10-2025,03-10-2025,04-10-2025,AXNPN27701342567,150.0,0.0,0.0,0.0,0.0
PAYMENT,KTCL-GN2502014493-68dfd55dec010,OMO2510031923341215318986,PhonePe Private Limited,UPI_FULFILMENT,,03-10-2025,03-10-2025,04-10-2025,AXNPN27701342567,100.0,0.0,0.0,0.0,0.0
PAYMENT,KTCL-ST2507004050-68df38f9326ea,OMO2510030816173223350470,PhonePe Private Limited,UPI_FULFILMENT,,03-10-2025,03-10-2025,04-10-2025,AXNPN27701342567,500.0,0.0,0.0,0.0,0.0
PAYMENT,KTCL-GN2412007664-68df226f338f0,OMO2510030640073419279135,PhonePe Private Limited,UPI_FULFILMENT,,03-10-2025,03-10-2025,04-10-2025,AXNPN27701342567,500.0,0.0,0.0,0.0,0.0
PAYMENT,KTCL-GN2412002560-68df448ee68f5,OMO2510030905430822962853,PhonePe Private Limited,UPI_FULFILMENT,,03-10-2025,03-10-2025,04-10-2025,AXNPN27701342567,500.0,0.0,0.0,0.0,0.0
PAYMENT,KTCL-GN2412005226-68df8c4171de0,OMO2510031411376467287031,PhonePe Private Limited,PG_DC_FULFILMENT,,03-10-2025,03-10-2025,04-10-2025,AXNPN27701342567,500.0,0.0,0.0,0.0,0.0
PAYMENT,KTCL-ST2507003528-68df93e5561ae,OMO2510031444135150656600,PhonePe Private Limited,UPI_FULFILMENT,,03-10-2025,03-10-2025,04-10-2025,AXNPN27701342567,115.0,0.0,0.0,0.0,0.0
CONVENIENCE_FEE,KTCL-GN2412005226-68df8c4171de0,T2510031413275766658459,PhonePe Private Limited,PG_DC_ADDITIONAL_FEE_REVENUE,,03-10-2025,03-10-2025,04-10-2025,AXNPN27701342567,-2.35,1.991525,0.358475,0.0,0.0
PAYMENT,KTCL-ST2503003192-68df5c352a6e4,OMO2510031046373794755133,PhonePe Private Limited,UPI_FULFILMENT,,03-10-2025,03-10-2025,04-10-2025,AXNPN27701342567,400.0,0.0,0.0,0.0,0.0
PAYMENT,KTCL-ST2501001453-68dfb313e3e22,OMO2510031657161003515896,PhonePe Private Limited,UPI_FULFILMENT,,03-10-2025,03-10-2025,04-10-2025,AXNPN27701342567,300.0,0.0,0.0,0.0,0.0
PAYMENT,KTCL-GN2505020045-68df253092989,OMO2510030651527361616877,PhonePe Private Limited,UPI_FULFILMENT,,03-10-2025,03-10-2025,04-10-2025,AXNPN27701342567,250.0,0.0,0.0,0.0,0.0
PAYMENT,KTCL-ST2507003809-68dfb9c3bf65a,OMO2510031725479325318972,PhonePe Private Limited,UPI_FULFILMENT,,03-10-2025,03-10-2025,04-10-2025,AXNPN27701342567,100.0,0.0,0.0,0.0,0.0
PAYMENT,KTCL-GN2412001881-68df470fc69e4,OMO2510030916239450801311,PhonePe Private Limited,UPI_FULFILMENT,,03-10-2025,03-10-2025,04-10-2025,AXNPN27701342567,400.0,0.0,0.0,0.0,0.0
PAYMENT,KTCL-GN2502013695-68df2aff32d75,OMO2510030716393326787281,PhonePe Private Limited,UPI_FULFILMENT,,03-10-2025,03-10-2025,04-10-2025,AXNPN27701342567,100.0,0.0,0.0,0.0,0.0
PAYMENT,KTCL-GN2502011226-68df87644897a,OMO2510031350524383515926,PhonePe Private Limited,PG_DC_FULFILMENT,,03-10-2025,03-10-2025,04-10-2025,AXNPN27701342567,1500.0,0.0,0.0,0.0,0.0
PAYMENT,KTCL-GN2412002552-68df3fed389c8,OMO2510030845573975210913,PhonePe Private Limited,UPI_FULFILMENT,,03-10-2025,03-10-2025,04-10-2025,AXNPN27701342567,300.0,0.0,0.0,0.0,0.0
PAYMENT,KTCL-GN2412005744-68dfa21f95739,OMO2510031544557386218676,PhonePe Private Limited,UPI_FULFILMENT,,03-10-2025,03-10-2025,04-10-2025,AXNPN27701342567,200.0,0.0,0.0,0.0,0.0
PAYMENT,KTCL-GN2412000161-68dfb8052cad6,OMO2510031718213272430482,PhonePe Private Limited,UPI_FULFILMENT,,03-10-2025,03-10-2025,04-10-2025,AXNPN27701342567,150.0,0.0,0.0,0.0,0.0
PAYMENT,KTCL-GN2412000780-68dfd1b2024ab,OMO2510031907541650476039,PhonePe Private Limited,UPI_FULFILMENT,,03-10-2025,03-10-2025,04-10-2025,AXNPN27701342567,500.0,0.0,0.0,0.0,0.0
PAYMENT,KTCL-GN2412001520-68e00191babf4,OMO2510032232099393826232,PhonePe Private Limited,UPI_FULFILMENT,,03-10-2025,03-10-2025,04-10-2025,AXNPN27701342567,500.0,0.0,0.0,0.0,0.0
PAYMENT,KTCL-GN2502013222-68dfc6c7d8374,OMO2510031821200249730827,PhonePe Private Limited,UPI_FULFILMENT,,03-10-2025,03-10-2025,04-10-2025,AXNPN27701342567,300.0,0.0,0.0,0.0,0.0
PAYMENT,KTCL-GN2412003541-68df3395e6af1,OMO2510030753180990865981,PhonePe Private Limited,UPI_FULFILMENT,,03-10-2025,03-10-2025,04-10-2025,AXNPN27701342567,1000.0,0.0,0.0,0.0,0.0
PAYMENT,KTCL-GN2412005115-68dec66a147a1,OMO2510030007303156198701,PhonePe Private Limited,UPI_FULFILMENT,,03-10-2025,03-10-2025,04-10-2025,AXNPN27701342567,1000.0,0.0,0.0,0.0,0.0
PAYMENT,KTCL-GN2412000448-68df947c55c6d,OMO2510031446445371545642,PhonePe Private Limited,UPI_FULFILMENT,,03-10-2025,03-10-2025,04-10-2025,AXNPN27701342567,500.0,0.0,0.0,0.0,0.0
PAYMENT,KTCL-GN2412002704-68df35a18a1cb,OMO2510030802016739308968,PhonePe Private Limited,UPI_FULFILMENT,,03-10-2025,03-10-2025,04-10-2025,AXNPN27701342567,100.0,0.0,0.0,0.0,0.0
PAYMENT,KTCL-GN2502013601-68df2f86a90fa,OMO2510030735588274119444,PhonePe Private Limited,UPI_FULFILMENT,,03-10-2025,03-10-2025,04-10-2025,AXNPN27701342567,2500.0,0.0,0.0,0.0,0.0
PAYMENT,KTCL-GN2505022304-68dfbfbd6266e,OMO2510031751175352430915,PhonePe Private Limited,UPI_FULFILMENT,,03-10-2025,03-10-2025,04-10-2025,AXNPN27701342567,100.0,0.0,0.0,0.0,0.0
PAYMENT,KTCL-GN2502013497-68df3ff418143,OMO2510030846042242962437,PhonePe Private Limited,UPI_FULFILMENT,,03-10-2025,03-10-2025,04-10-2025,AXNPN27701342567,1000.0,0.0,0.0,0.0,0.0
PAYMENT,KTCL-GN2412001037-68df89af148a4,OMO2510031400392339730955,PhonePe Private Limited,UPI_FULFILMENT,,03-10-2025,03-10-2025,04-10-2025,AXNPN27701342567,1000.0,0.0,0.0,0.0,0.0
PAYMENT,KTCL-GN2412006770-68df2d9cd68e7,OMO2510030727489964119821,PhonePe Private Limited,UPI_FULFILMENT,,03-10-2025,03-10-2025,04-10-2025,AXNPN27701342567,500.0,0.0,0.0,0.0,0.0
PAYMENT,KTCL-GN2412002447-68dfc15c03579,OMO2510031758121509704585,PhonePe Private Limited,UPI_FULFILMENT,,03-10-2025,03-10-2025,04-10-2025,AXNPN27701342567,200.0,0.0,0.0,0.0,0.0
PAYMENT,KTCL-GN2412008097-68e005e879a06,OMO2510032250407376218519,PhonePe Private Limited,UPI_FULFILMENT,,03-10-2025,03-10-2025,04-10-2025,AXNPN27701342567,300.0,0.0,0.0,0.0,0.0
PAYMENT,KTCL-GN2412000180-68dfdb4a38064,OMO2510031948503509615770,PhonePe Private Limited,UPI_FULFILMENT,,03-10-2025,03-10-2025,04-10-2025,AXNPN27701342567,100.0,0.0,0.0,0.0,0.0
PAYMENT,KTCL-GN2412003372-68df3f521ffcf,OMO2510030843222805447452,PhonePe Private Limited,UPI_FULFILMENT,,03-10-2025,03-10-2025,04-10-2025,AXNPN27701342567,500.0,0.0,0.0,0.0,0.0
PAYMENT,KTCL-GN2505022497-68dfcea134366,OMO2510031854493909704425,PhonePe Private Limited,UPI_FULFILMENT,,03-10-2025,03-10-2025,04-10-2025,AXNPN27701342567,1500.0,0.0,0.0,0.0,0.0
PAYMENT,KTCL-ST2503003479-68df3b39d88b8,OMO2510030825539980801307,PhonePe Private Limited,UPI_FULFILMENT,,03-10-2025,03-10-2025,04-10-2025,AXNPN27701342567,150.0,0.0,0.0,0.0,0.0
PAYMENT,KTCL-GNP2505000463-68df21bf818d2,OMO2510030637116956198864,PhonePe Private Limited,UPI_FULFILMENT,,03-10-2025,03-10-2025,04-10-2025,AXNPN27701342567,200.0,0.0,0.0,0.0,0.0
PAYMENT,KTCL-GN2505020722-68df91fc68d36,OMO2510031436045960878316,PhonePe Private Limited,UPI_FULFILMENT,,03-10-2025,03-10-2025,04-10-2025,AXNPN27701342567,200.0,0.0,0.0,0.0,0.0
PAYMENT,KTCL-GN2412005257-68df70235b1dd,OMO2510031211395226787428,PhonePe Private Limited,UPI_FULFILMENT,,03-10-2025,03-10-2025,04-10-2025,AXNPN27701342567,100.0,0.0,0.0,0.0,0.0
PAYMENT,KTCL-GN2412009309-68df2d89d2418,OMO2510030727299776198129,PhonePe Private Limited,UPI_FULFILMENT,,03-10-2025,03-10-2025,04-10-2025,AXNPN27701342567,500.0,0.0,0.0,0.0,0.0
PAYMENT,KTCL-GN2412000103-68df8469c088c,OMO2510031338099683826269,PhonePe Private Limited,UPI_FULFILMENT,,03-10-2025,03-10-2025,04-10-2025,AXNPN27701342567,1000.0,0.0,0.0,0.0,0.0
PAYMENT,KTCL-GN2502015556-68df36e3e2dae,OMO2510030807240586198606,PhonePe Private Limited,UPI_FULFILMENT,,03-10-2025,03-10-2025,04-10-2025,AXNPN27701342567,1000.0,0.0,0.0,0.0,0.0
PAYMENT,KTCL-GN2412005650-68df6b32e3828,OMO2510031150351224948902,PhonePe Private Limited,UPI_FULFILMENT,,03-10-2025,03-10-2025,04-10-2025,AXNPN27701342567,300.0,0.0,0.0,0.0,0.0
PAYMENT,KTCL-GN2412004189-68dfa789407d9,OMO2510031608013819704855,PhonePe Private Limited,UPI_FULFILMENT,,03-10-2025,03-10-2025,04-10-2025,AXNPN27701342567,200.0,0.0,0.0,0.0,0.0
PAYMENT,KTCL-GN2412004612-68df28b63ce4e,OMO2510030706543570434425,PhonePe Private Limited,UPI_FULFILMENT,,03-10-2025,03-10-2025,04-10-2025,AXNPN27701342567,500.0,0.0,0.0,0.0,0.0
PAYMENT,KTCL-GN2412000095-68dff9849d0b8,OMO2510032157487476909563,PhonePe Private Limited,UPI_FULFILMENT,,03-10-2025,03-10-2025,04-10-2025,AXNPN27701342567,600.0,0.0,0.0,0.0,0.0
PAYMENT,KTCL-GN2412007918-68df2b4e82857,OMO2510030717586433350450,PhonePe Private Limited,UPI_FULFILMENT,,03-10-2025,03-10-2025,04-10-2025,AXNPN27701342567,500.0,0.0,0.0,0.0,0.0
PAYMENT,KTCL-GN2502019993-68df2a34759ce,OMO2510030713166523350040,PhonePe Private Limited,UPI_FULFILMENT,,03-10-2025,03-10-2025,04-10-2025,AXNPN27701342567,200.0,0.0,0.0,0.0,0.0
PAYMENT,KTCL-GN2505022819-68df4387a0545,OMO2510030901197999623436,PhonePe Private Limited,UPI_FULFILMENT,,03-10-2025,03-10-2025,04-10-2025,AXNPN27701342567,1000.0,0.0,0.0,0.0,0.0
PAYMENT,KTCL-GN2412006756-68dfc678c1c25,OMO2510031820009309704538,PhonePe Private Limited,UPI_FULFILMENT,,03-10-2025,03-10-2025,04-10-2025,AXNPN27701342567,100.0,0.0,0.0,0.0,0.0
PAYMENT,KTCL-GN2412004817-68df463de628a,OMO2510030912540701424787,PhonePe Private Limited,UPI_FULFILMENT,,03-10-2025,03-10-2025,04-10-2025,AXNPN27701342567,300.0,0.0,0.0,0.0,0.0
PAYMENT,KTCL-GN2502010280-68e005f5704b2,OMO2510032250536795318589,PhonePe Private Limited,UPI_FULFILMENT,,03-10-2025,03-10-2025,04-10-2025,AXNPN27701342567,1000.0,0.0,0.0,0.0,0.0
PAYMENT,KTCL-GNP2505001732-68dfd10914f20,OMO2510031905052991776099,PhonePe Private Limited,UPI_FULFILMENT,,03-10-2025,03-10-2025,04-10-2025,AXNPN27701342567,100.0,0.0,0.0,0.0,0.0
PAYMENT,KTCL-ST2501001096-68df3223abdd2,OMO2510030747078306787223,PhonePe Private Limited,UPI_FULFILMENT,,03-10-2025,03-10-2025,04-10-2025,AXNPN27701342567,130.0,0.0,0.0,0.0,0.0
PAYMENT,KTCL-GN2502012294-68dfc2e08324a,OMO2510031804406680656753,PhonePe Private Limited,UPI_FULFILMENT,,03-10-2025,03-10-2025,04-10-2025,AXNPN27701342567,200.0,0.0,0.0,0.0,0.0
PAYMENT,KTCL-GN2502014933-68df21cf1dbe7,OMO2510030637272454394739,PhonePe Private Limited,UPI_FULFILMENT,,03-10-2025,03-10-2025,04-10-2025,AXNPN27701342567,200.0,0.0,0.0,0.0,0.0
PAYMENT,KTCL-GN2412000799-68dfd155cd399,OMO2510031906219768862378,PhonePe Private Limited,UPI_FULFILMENT,,03-10-2025,03-10-2025,04-10-2025,AXNPN27701342567,500.0,0.0,0.0,0.0,0.0
PAYMENT,KTCL-GN2502015376-68df275255910,OMO2510030700584759928368,PhonePe Private Limited,UPI_FULFILMENT,,03-10-2025,03-10-2025,04-10-2025,AXNPN27701342567,278.0,0.0,0.0,0.0,0.0
PAYMENT,KTCL-GN2502011532-68df2df1c0b4b,OMO2510030729139063871266,PhonePe Private Limited,UPI_FULFILMENT,,03-10-2025,03-10-2025,04-10-2025,AXNPN27701342567,200.0,0.0,0.0,0.0,0.0
PAYMENT,KTCL-GN2412004700-68df2788d2e82,OMO2510030701529909308158,PhonePe Private Limited,UPI_FULFILMENT,,03-10-2025,03-10-2025,04-10-2025,AXNPN27701342567,100.0,0.0,0.0,0.0,0.0
PAYMENT,KTCL-GN2412004669-68dfbd9a00a12,OMO2510031742101844168944,PhonePe Private Limited,UPI_FULFILMENT,,03-10-2025,03-10-2025,04-10-2025,AXNPN27701342567,100.0,0.0,0.0,0.0,0.0
PAYMENT,KTCL-GN2505022797-68df8d46eb056,OMO2510031415591623826965,PhonePe Private Limited,UPI_FULFILMENT,,03-10-2025,03-10-2025,04-10-2025,AXNPN27701342567,100.0,0.0,0.0,0.0,0.0
PAYMENT,KTCL-GN2502018530-68df1e157427a,OMO2510030621336356198477,PhonePe Private Limited,UPI_FULFILMENT,,03-10-2025,03-10-2025,04-10-2025,AXNPN27701342567,100.0,0.0,0.0,0.0,0.0
PAYMENT,KTCL-ST2501000717-68df55a615a4f,OMO2510031018382853212579,PhonePe Private Limited,UPI_FULFILMENT,,03-10-2025,03-10-2025,04-10-2025,AXNPN27701342567,200.0,0.0,0.0,0.0,0.0
PAYMENT,KTCL-GN2412000342-68dfc70889b64,OMO2510031822247081776503,PhonePe Private Limited,UPI_FULFILMENT,,03-10-2025,03-10-2025,04-10-2025,AXNPN27701342567,100.0,0.0,0.0,0.0,0.0
PAYMENT,KTCL-GN2505020081-68df7cab1c6bc,OMO2510031305072565434409,PhonePe Private Limited,UPI_FULFILMENT,,03-10-2025,03-10-2025,04-10-2025,AXNPN27701342567,200.0,0.0,0.0,0.0,0.0
PAYMENT,KTCL-GN2505022199-68dfb35065ae3,OMO2510031658165484168143,PhonePe Private Limited,UPI_FULFILMENT,,03-10-2025,03-10-2025,04-10-2025,AXNPN27701342567,300.0,0.0,0.0,0.0,0.0
PAYMENT,KTCL-ST2501001238-68dfb7a9f1b5a,OMO2510031716501720878808,PhonePe Private Limited,UPI_FULFILMENT,,03-10-2025,03-10-2025,04-10-2025,AXNPN27701342567,200.0,0.0,0.0,0.0,0.0
PAYMENT,KTCL-GN2505023012-68df3e1525a6a,OMO2510030838052967183705,PhonePe Private Limited,UPI_FULFILMENT,,03-10-2025,03-10-2025,04-10-2025,AXNPN27701342567,100.0,0.0,0.0,0.0,0.0
PAYMENT,KTCL-GN2412002265-68dfceb786ab8,OMO2510031855116575515613,PhonePe Private Limited,UPI_FULFILMENT,,03-10-2025,03-10-2025,04-10-2025,AXNPN27701342567,500.0,0.0,0.0,0.0,0.0
PAYMENT,KTCL-GN2505022265-68dfb672f3cc7,OMO2510031711392134168982,PhonePe Private Limited,UPI_FULFILMENT,,03-10-2025,03-10-2025,04-10-2025,AXNPN27701342567,100.0,0.0,0.0,0.0,0.0
PAYMENT,KTCL-ST2501000968-68df3ca7141ae,OMO2510030831592093212819,PhonePe Private Limited,UPI_FULFILMENT,,03-10-2025,03-10-2025,04-10-2025,AXNPN27701342567,200.0,0.0,0.0,0.0,0.0
PAYMENT,KTCL-GN2502011553-68df2e6cd2c5d,OMO2510030731169884394530,PhonePe Private Limited,UPI_FULFILMENT,,03-10-2025,03-10-2025,04-10-2025,AXNPN27701342567,200.0,0.0,0.0,0.0,0.0
PAYMENT,KTCL-GN2412003777-68df79d8ba872,OMO2510031253048889623059,PhonePe Private Limited,UPI_FULFILMENT,,03-10-2025,03-10-2025,04-10-2025,AXNPN27701342567,500.0,0.0,0.0,0.0,0.0
PAYMENT,KTCL-GN2505022269-68df55a68812f,OMO2510031018386742962367,PhonePe Private Limited,UPI_FULFILMENT,,03-10-2025,03-10-2025,04-10-2025,AXNPN27701342567,200.0,0.0,0.0,0.0,0.0
PAYMENT,KTCL_2510036263_564437ba,OMO2510031132354944119177,PhonePe Private Limited,UPI_FULFILMENT,,03-10-2025,03-10-2025,04-10-2025,AXNPN27701342567,150.0,0.0,0.0,0.0,0.0
PAYMENT,KTCL-GN2412007107-68df2de4be7da,OMO2510030729008842892198,PhonePe Private Limited,UPI_FULFILMENT,,03-10-2025,03-10-2025,04-10-2025,AXNPN27701342567,209.0,0.0,0.0,0.0,0.0
PAYMENT,KTCL-GN2509023827-68df9f7739f1a,OMO2510031533353656218538,PhonePe Private Limited,UPI_FULFILMENT,,03-10-2025,03-10-2025,04-10-2025,AXNPN27701342567,200.0,0.0,0.0,0.0,0.0
PAYMENT,KTCL-GN2412002991-68dfa49767407,OMO2510031555275702430656,PhonePe Private Limited,UPI_FULFILMENT,,03-10-2025,03-10-2025,04-10-2025,AXNPN27701342567,200.0,0.0,0.0,0.0,0.0
PAYMENT,KTCL-GN2502010503-68df33c10408d,OMO2510030754011434948068,PhonePe Private Limited,UPI_FULFILMENT,,03-10-2025,03-10-2025,04-10-2025,AXNPN27701342567,500.0,0.0,0.0,0.0,0.0
PAYMENT,KTCL-ST2501001093-68df33bb7496e,OMO2510030753555773350111,PhonePe Private Limited,UPI_FULFILMENT,,03-10-2025,03-10-2025,04-10-2025,AXNPN27701342567,100.0,0.0,0.0,0.0,0.0
PAYMENT,KTCL-GN2505022832-68dfc76b2bc8a,OMO2510031824033117287350,PhonePe Private Limited,UPI_FULFILMENT,,03-10-2025,03-10-2025,04-10-2025,AXNPN27701342567,200.0,0.0,0.0,0.0,0.0
PAYMENT,KTCL-GN2412000261-68dfff488294d,OMO2510032222246813668353,PhonePe Private Limited,UPI_FULFILMENT,,03-10-2025,03-10-2025,04-10-2025,AXNPN27701342567,100.0,0.0,0.0,0.0,0.0
PAYMENT,KTCL-ST2507003596-68dfb90db8cbf,OMO2510031722459033826666,PhonePe Private Limited,UPI_FULFILMENT,,03-10-2025,03-10-2025,04-10-2025,AXNPN27701342567,300.0,0.0,0.0,0.0,0.0
PAYMENT,KTCL-GN2412005783-68df60e51c835,OMO2510031106372753350715,PhonePe Private Limited,UPI_FULFILMENT,,03-10-2025,03-10-2025,04-10-2025,AXNPN27701342567,500.0,0.0,0.0,0.0,0.0
PAYMENT,KTCL-GN2412001181-68df3f5774ad0,OMO2510030843276266787156,PhonePe Private Limited,UPI_FULFILMENT,,03-10-2025,03-10-2025,04-10-2025,AXNPN27701342567,200.0,0.0,0.0,0.0,0.0
PAYMENT,KTCL-ST2503003229-68df97e7b563f,OMO2510031501199032420162,PhonePe Private Limited,UPI_FULFILMENT,,03-10-2025,03-10-2025,04-10-2025,AXNPN27701342567,100.0,0.0,0.0,0.0,0.0
PAYMENT,KTCL-ST2501000981-68dfe35e70f7f,OMO2510032023186310878501,PhonePe Private Limited,UPI_FULFILMENT,,03-10-2025,03-10-2025,04-10-2025,AXNPN27701342567,100.0,0.0,0.0,0.0,0.0
PAYMENT,KTCL-GN2502012304-68df3bd548f95,OMO2510030828294215210086,PhonePe Private Limited,UPI_FULFILMENT,,03-10-2025,03-10-2025,04-10-2025,AXNPN27701342567,1500.0,0.0,0.0,0.0,0.0
PAYMENT,KTCL-GN2502015840-68dfad6507a26,OMO2510031633011743668469,PhonePe Private Limited,UPI_FULFILMENT,,03-10-2025,03-10-2025,04-10-2025,AXNPN27701342567,100.0,0.0,0.0,0.0,0.0
PAYMENT,KTCL-GN2502013336-68df2f2e6eb11,OMO2510030734305699308126,PhonePe Private Limited,UPI_FULFILMENT,,03-10-2025,03-10-2025,04-10-2025,AXNPN27701342567,200.0,0.0,0.0,0.0,0.0
PAYMENT,KTCL-GN2502013615-68dfb3cc0032b,OMO2510031700201538862656,PhonePe Private Limited,UPI_FULFILMENT,,03-10-2025,03-10-2025,04-10-2025,AXNPN27701342567,200.0,0.0,0.0,0.0,0.0
PAYMENT,KTCL-GN2412007401-68dfc4734d201,OMO2510031811234719615853,PhonePe Private Limited,UPI_FULFILMENT,,03-10-2025,03-10-2025,04-10-2025,AXNPN27701342567,100.0,0.0,0.0,0.0,0.0
PAYMENT,KTCL-GN2412000735-68dfc38e0f01f,OMO2510031807341875515669,PhonePe Private Limited,UPI_FULFILMENT,,03-10-2025,03-10-2025,04-10-2025,AXNPN27701342567,400.0,0.0,0.0,0.0,0.0
PAYMENT,KTCL-GN2505020107-68dfb83f01099,OMO2510031719191462420707,PhonePe Private Limited,UPI_FULFILMENT,,03-10-2025,03-10-2025,04-10-2025,AXNPN27701342567,100.0,0.0,0.0,0.0,0.0
PAYMENT,KTCL-GN2505022958-68dfbde00d973,OMO2510031743201965318007,PhonePe Private Limited,UPI_FULFILMENT,,03-10-2025,03-10-2025,04-10-2025,AXNPN27701342567,1000.0,0.0,0.0,0.0,0.0
PAYMENT,KTCL-GN2505022309-68dec584d155c,OMO2510030003410390434519,PhonePe Private Limited,UPI_FULFILMENT,,03-10-2025,03-10-2025,04-10-2025,AXNPN27701342567,120.0,0.0,0.0,0.0,0.0
PAYMENT,KTCL-GN2412005372-68df33784f72d,OMO2510030752484522962714,PhonePe Private Limited,UPI_FULFILMENT,,03-10-2025,03-10-2025,04-10-2025,AXNPN27701342567,200.0,0.0,0.0,0.0,0.0
PAYMENT,KTCL-GN2412004913-68dfc4a017ba2,OMO2510031812082270797018,PhonePe Private Limited,UPI_FULFILMENT,,03-10-2025,03-10-2025,04-10-2025,AXNPN27701342567,100.0,0.0,0.0,0.0,0.0
PAYMENT,KTCL-GN2412006691-68df38028ac3c,OMO2510030812106734119793,PhonePe Private Limited,UPI_FULFILMENT,,03-10-2025,03-10-2025,04-10-2025,AXNPN27701342567,200.0,0.0,0.0,0.0,0.0
PAYMENT,KTCL-GN2502018030-68df2047cdb40,OMO2510030630559955434739,PhonePe Private Limited,UPI_FULFILMENT,,03-10-2025,03-10-2025,04-10-2025,AXNPN27701342567,500.0,0.0,0.0,0.0,0.0
PAYMENT,KTCL-GN2412003583-68df3fa7c0113,OMO2510030844479675447447,PhonePe Private Limited,UPI_FULFILMENT,,03-10-2025,03-10-2025,04-10-2025,AXNPN27701342567,200.0,0.0,0.0,0.0,0.0
PAYMENT,KTCL-GN2505021214-68df43d0929a7,OMO2510030902327250801520,PhonePe Private Limited,UPI_FULFILMENT,,03-10-2025,03-10-2025,04-10-2025,AXNPN27701342567,200.0,0.0,0.0,0.0,0.0
PAYMENT,KTCL-GN2502018404-68dfc21af0555,OMO2510031801231086909022,PhonePe Private Limited,UPI_FULFILMENT,,03-10-2025,03-10-2025,04-10-2025,AXNPN27701342567,500.0,0.0,0.0,0.0,0.0
PAYMENT,KTCL-GN2412002601-68df5a06a1495,OMO2510031037188281424430,PhonePe Private Limited,UPI_FULFILMENT,,03-10-2025,03-10-2025,04-10-2025,AXNPN27701342567,500.0,0.0,0.0,0.0,0.0
PAYMENT,KTCL-GN2412003952-68df34c881044,OMO2510030758246786198711,PhonePe Private Limited,UPI_FULFILMENT,,03-10-2025,03-10-2025,04-10-2025,AXNPN27701342567,1000.0,0.0,0.0,0.0,0.0
PAYMENT,KTCL-GN2502019692-68df31b845d2a,OMO2510030745204090434165,PhonePe Private Limited,UPI_FULFILMENT,,03-10-2025,03-10-2025,04-10-2025,AXNPN27701342567,500.0,0.0,0.0,0.0,0.0
PAYMENT,KTCL-GN2412001575-68dfbb0b3dde4,OMO2510031731153922420922,PhonePe Private Limited,UPI_FULFILMENT,,03-10-2025,03-10-2025,04-10-2025,AXNPN27701342567,300.0,0.0,0.0,0.0,0.0
PAYMENT,KTCL-GN2502012282-68df4ad7c8bb4,OMO2510030932319615210089,PhonePe Private Limited,UPI_FULFILMENT,,03-10-2025,03-10-2025,04-10-2025,AXNPN27701342567,500.0,0.0,0.0,0.0,0.0
PAYMENT,KTCL-ST2501002865-68dfed0888333,OMO2510032104327574168670,PhonePe Private Limited,PG_DC_FULFILMENT,,03-10-2025,03-10-2025,04-10-2025,AXNPN27701342567,300.0,0.0,0.0,0.0,0.0
PAYMENT,KTCL-GN2412001614-68dfadc1bf9aa,OMO2510031634339212420100,PhonePe Private Limited,UPI_FULFILMENT,,03-10-2025,03-10-2025,04-10-2025,AXNPN27701342567,500.0,0.0,0.0,0.0,0.0
PAYMENT,KTCL-GN2502019342-68df7d081a34f,OMO2510031306402491763490,PhonePe Private Limited,UPI_FULFILMENT,,03-10-2025,03-10-2025,04-10-2025,AXNPN27701342567,500.0,0.0,0.0,0.0,0.0
PAYMENT,KTCL-GN2412008255-68dfbc5cb79a4,OMO2510031736528751776684,PhonePe Private Limited,UPI_FULFILMENT,,03-10-2025,03-10-2025,04-10-2025,AXNPN27701342567,200.0,0.0,0.0,0.0,0.0
PAYMENT,KTCL-GN2505021710-68df300283312,OMO2510030738026504119316,PhonePe Private Limited,UPI_FULFILMENT,,03-10-2025,03-10-2025,04-10-2025,AXNPN27701342567,100.0,0.0,0.0,0.0,0.0
CONVENIENCE_FEE,KTCL-ST2501002865-68dfed0888333,T2510032106144720284360,PhonePe Private Limited,PG_DC_ADDITIONAL_FEE_REVENUE,,03-10-2025,03-10-2025,04-10-2025,AXNPN27701342567,-1.41,1.194915,0.215085,0.0,0.0
PAYMENT,KTCL-ST2501002847-68df3543124fc,OMO2510030800271861763100,PhonePe Private Limited,UPI_FULFILMENT,,03-10-2025,03-10-2025,04-10-2025,AXNPN27701342567,200.0,0.0,0.0,0.0,0.0
PAYMENT,KTCL-GN2502013477-68df2d8d2c1fa,OMO2510030727332716787082,PhonePe Private Limited,UPI_FULFILMENT,,03-10-2025,03-10-2025,04-10-2025,AXNPN27701342567,400.0,0.0,0.0,0.0,0.0
PAYMENT,KTCL-ST2412000117-68dfe6d007cb7,OMO2510032038002213515450,PhonePe Private Limited,UPI_FULFILMENT,,03-10-2025,03-10-2025,04-10-2025,AXNPN27701342567,260.0,0.0,0.0,0.0,0.0
PAYMENT,KTCL-GN2502012110-68dfae13c8ca7,OMO2510031635559849730883,PhonePe Private Limited,UPI_FULFILMENT,,03-10-2025,03-10-2025,04-10-2025,AXNPN27701342567,100.0,0.0,0.0,0.0,0.0
PAYMENT,KTCL-GN2412000265-68df3809f1f3c,OMO2510030812180744119204,PhonePe Private Limited,UPI_FULFILMENT,,03-10-2025,03-10-2025,04-10-2025,AXNPN27701342567,1000.0,0.0,0.0,0.0,0.0
PAYMENT,KTCL-GN2502019837-68df36a717b72,OMO2510030806232075447639,PhonePe Private Limited,UPI_FULFILMENT,,03-10-2025,03-10-2025,04-10-2025,AXNPN27701342567,500.0,0.0,0.0,0.0,0.0
PAYMENT,KTCL-GN2505022758-68dfbfcb06ceb,OMO2510031751311452420387,PhonePe Private Limited,UPI_FULFILMENT,,03-10-2025,03-10-2025,04-10-2025,AXNPN27701342567,1000.0,0.0,0.0,0.0,0.0
PAYMENT,KTCL-GN2509023843-68dfd452b7fe1,OMO2510031919069168862576,PhonePe Private Limited,UPI_FULFILMENT,,03-10-2025,03-10-2025,04-10-2025,AXNPN27701342567,2000.0,0.0,0.0,0.0,0.0
PAYMENT,KTCL-GN2505020328-68df2c07535df,OMO2510030721034524394179,PhonePe Private Limited,UPI_FULFILMENT,,03-10-2025,03-10-2025,04-10-2025,AXNPN27701342567,700.0,0.0,0.0,0.0,0.0
PAYMENT,KTCL-GN2502015034-68dfca0c0f1c7,OMO2510031835161872430538,PhonePe Private Limited,UPI_FULFILMENT,,03-10-2025,03-10-2025,04-10-2025,AXNPN27701342567,200.0,0.0,0.0,0.0,0.0
PAYMENT,KTCL-ST2501001195-68decbff50f8d,OMO2510030031195293871519,PhonePe Private Limited,UPI_FULFILMENT,,03-10-2025,03-10-2025,04-10-2025,AXNPN27701342567,200.0,0.0,0.0,0.0,0.0
PAYMENT,KTCL-GN2412001662-68df3c5d97981,OMO2510030830457432962583,PhonePe Private Limited,UPI_FULFILMENT,,03-10-2025,03-10-2025,04-10-2025,AXNPN27701342567,1000.0,0.0,0.0,0.0,0.0
PAYMENT,KTCL-GN2502012485-68df8255675fd,OMO2510031329176001776878,PhonePe Private Limited,UPI_FULFILMENT,,03-10-2025,03-10-2025,04-10-2025,AXNPN27701342567,200.0,0.0,0.0,0.0,0.0
PAYMENT,KTCL-GN2505022592-68df22d9d4d6d,OMO2510030641539890801720,PhonePe Private Limited,UPI_FULFILMENT,,03-10-2025,03-10-2025,04-10-2025,AXNPN27701342567,300.0,0.0,0.0,0.0,0.0
PAYMENT,KTCL-ST2501002402-68df0d2e7c972,OMO2510030509266663871636,PhonePe Private Limited,UPI_FULFILMENT,,03-10-2025,03-10-2025,04-10-2025,AXNPN27701342567,100.0,0.0,0.0,0.0,0.0
PAYMENT,KTCL-GN2502019893-68df904db2c03,OMO2510031428539249730422,PhonePe Private Limited,UPI_FULFILMENT,,03-10-2025,03-10-2025,04-10-2025,AXNPN27701342567,100.0,0.0,0.0,0.0,0.0
PAYMENT,KTCL-GN2412000202-68df53ed0184f,OMO2510031011171993350850,PhonePe Private Limited,UPI_FULFILMENT,,03-10-2025,03-10-2025,04-10-2025,AXNPN27701342567,100.0,0.0,0.0,0.0,0.0
PAYMENT,KTCL-ST2501002740-68dfbb0302546,OMO2510031731071680656294,PhonePe Private Limited,UPI_FULFILMENT,,03-10-2025,03-10-2025,04-10-2025,AXNPN27701342567,150.0,0.0,0.0,0.0,0.0
PAYMENT,KTCL-ST2412000027-68df2a8d0b3c5,OMO2510030714452062962294,PhonePe Private Limited,UPI_FULFILMENT,,03-10-2025,03-10-2025,04-10-2025,AXNPN27701342567,100.0,0.0,0.0,0.0,0.0
PAYMENT,KTCL-GN2502013905-68df2bce4a35c,OMO2510030720064215434724,PhonePe Private Limited,UPI_FULFILMENT,,03-10-2025,03-10-2025,04-10-2025,AXNPN27701342567,200.0,0.0,0.0,0.0,0.0
PAYMENT,KTCL-GN2412000500-68df517528cf4,OMO2510031000453734948103,PhonePe Private Limited,UPI_FULFILMENT,,03-10-2025,03-10-2025,04-10-2025,AXNPN27701342567,1000.0,0.0,0.0,0.0,0.0
PAYMENT,KTCL-GN2505020752-68dfa0c52c8cb,OMO2510031539093122420828,PhonePe Private Limited,UPI_FULFILMENT,,03-10-2025,03-10-2025,04-10-2025,AXNPN27701342567,500.0,0.0,0.0,0.0,0.0
PAYMENT,KTCL-ST2501002931-68df2967f403c,OMO2510030709521524119735,PhonePe Private Limited,UPI_FULFILMENT,,03-10-2025,03-10-2025,04-10-2025,AXNPN27701342567,500.0,0.0,0.0,0.0,0.0
PAYMENT,KTCL-GN2505020287-68dfaf024d964,OMO2510031639544953668293,PhonePe Private Limited,UPI_FULFILMENT,,03-10-2025,03-10-2025,04-10-2025,AXNPN27701342567,200.0,0.0,0.0,0.0,0.0
PAYMENT,KTCL-GN2412004994-68dfb542672f5,OMO2510031706345717287509,PhonePe Private Limited,UPI_FULFILMENT,,03-10-2025,03-10-2025,04-10-2025,AXNPN27701342567,230.0,0.0,0.0,0.0,0.0
PAYMENT,KTCL-GN2412004657-68df8a5b5d1f9,OMO2510031403315787287086,PhonePe Private Limited,UPI_FULFILMENT,,03-10-2025,03-10-2025,04-10-2025,AXNPN27701342567,1500.0,0.0,0.0,0.0,0.0
PAYMENT,KTCL-GN2502018525-68dfee0d1fd8c,OMO2510032108532562273959,PhonePe Private Limited,UPI_FULFILMENT,,03-10-2025,03-10-2025,04-10-2025,AXNPN27701342567,2000.0,0.0,0.0,0.0,0.0
PAYMENT,KTCL-GN2412007191-68df2a3488077,OMO2510030713166855447454,PhonePe Private Limited,UPI_FULFILMENT,,03-10-2025,03-10-2025,04-10-2025,AXNPN27701342567,100.0,0.0,0.0,0.0,0.0
PAYMENT,KTCL-GN2412007231-68dfb4bd14ab6,OMO2510031704212563826531,PhonePe Private Limited,UPI_FULFILMENT,,03-10-2025,03-10-2025,04-10-2025,AXNPN27701342567,100.0,0.0,0.0,0.0,0.0
PAYMENT,KTCL-ST2412000116-68dfe54132b50,OMO2510032031213490878035,PhonePe Private Limited,UPI_FULFILMENT,,03-10-2025,03-10-2025,04-10-2025,AXNPN27701342567,260.0,0.0,0.0,0.0,0.0
PAYMENT,KTCL-GN2412006385-68df342041285,OMO2510030755363735434333,PhonePe Private Limited,UPI_FULFILMENT,,03-10-2025,03-10-2025,04-10-2025,AXNPN27701342567,500.0,0.0,0.0,0.0,0.0
PAYMENT,KTCL-ST2501002045-68df366ba633d,OMO2510030805237931424424,PhonePe Private Limited,UPI_FULFILMENT,,03-10-2025,03-10-2025,04-10-2025,AXNPN27701342567,200.0,0.0,0.0,0.0,0.0
PAYMENT,KTCL-GN2412005427-68df544134256,OMO2510031012413604394391,PhonePe Private Limited,UPI_FULFILMENT,,03-10-2025,03-10-2025,04-10-2025,AXNPN27701342567,300.0,0.0,0.0,0.0,0.0
PAYMENT,KTCL-GN2412007699-68df2c18c8e92,OMO2510030721209645434294,PhonePe Private Limited,UPI_FULFILMENT,,03-10-2025,03-10-2025,04-10-2025,AXNPN27701342567,1000.0,0.0,0.0,0.0,0.0
PAYMENT,KTCL-GN2505022553-68dfca09048b4,OMO2510031835131885318123,PhonePe Private Limited,UPI_FULFILMENT,,03-10-2025,03-10-2025,04-10-2025,AXNPN27701342567,150.0,0.0,0.0,0.0,0.0
PAYMENT,KTCL-GN2502019170-68dfc525b890f,OMO2510031814219061682871,PhonePe Private Limited,UPI_FULFILMENT,,03-10-2025,03-10-2025,04-10-2025,AXNPN27701342567,500.0,0.0,0.0,0.0,0.0
PAYMENT,KTCL-ST2501000551-68dfc07be94ad,OMO2510031754281135515767,PhonePe Private Limited,UPI_FULFILMENT,,03-10-2025,03-10-2025,04-10-2025,AXNPN27701342567,100.0,0.0,0.0,0.0,0.0
PAYMENT,KTCL-GN2505020263-68dfcb74079eb,OMO2510031841161920797731,PhonePe Private Limited,UPI_FULFILMENT,,03-10-2025,03-10-2025,04-10-2025,AXNPN27701342567,200.0,0.0,0.0,0.0,0.0
PAYMENT,KTCL-GN2505021999-68df322e8ca60,OMO2510030747186864755859,PhonePe Private Limited,UPI_FULFILMENT,,03-10-2025,03-10-2025,04-10-2025,AXNPN27701342567,1000.0,0.0,0.0,0.0,0.0
PAYMENT,KTCL-GN2502015222-68dfbe959c773,OMO2510031746217713515379,PhonePe Private Limited,UPI_FULFILMENT,,03-10-2025,03-10-2025,04-10-2025,AXNPN27701342567,300.0,0.0,0.0,0.0,0.0
PAYMENT,KTCL-GN2505022134-68dfbbc5e07a7,OMO2510031734220703668381,PhonePe Private Limited,UPI_FULFILMENT,,03-10-2025,03-10-2025,04-10-2025,AXNPN27701342567,100.0,0.0,0.0,0.0,0.0
PAYMENT,KTCL-ST2501001898-68df276369ba3,OMO2510030701155523212380,PhonePe Private Limited,UPI_FULFILMENT,,03-10-2025,03-10-2025,04-10-2025,AXNPN27701342567,100.0,0.0,0.0,0.0,0.0
PAYMENT,KTCL-GN2412002916-68dec4e22ac08,OMO2510030000583453871113,PhonePe Private Limited,UPI_FULFILMENT,,03-10-2025,03-10-2025,04-10-2025,AXNPN27701342567,500.0,0.0,0.0,0.0,0.0
PAYMENT,KTCL-GN2505022394-68df241753d95,OMO2510030647114939623180,PhonePe Private Limited,UPI_FULFILMENT,,03-10-2025,03-10-2025,04-10-2025,AXNPN27701342567,200.0,0.0,0.0,0.0,0.0
PAYMENT,KTCL-GN2502018362-68df461ad8695,OMO2510030912189776787544,PhonePe Private Limited,UPI_FULFILMENT,,03-10-2025,03-10-2025,04-10-2025,AXNPN27701342567,100.0,0.0,0.0,0.0,0.0
PAYMENT,KTCL-ST2501001276-68df22ed16f6f,OMO2510030642132431763007,PhonePe Private Limited,UPI_FULFILMENT,,03-10-2025,03-10-2025,04-10-2025,AXNPN27701342567,200.0,0.0,0.0,0.0,0.0
PAYMENT,KTCL-GN2502018527-68dfc44f60945,OMO2510031810475528862726,PhonePe Private Limited,UPI_FULFILMENT,,03-10-2025,03-10-2025,04-10-2025,AXNPN27701342567,200.0,0.0,0.0,0.0,0.0
PAYMENT,KTCL-GN2412002924-68dfd3021a4f9,OMO2510031913302486909771,PhonePe Private Limited,UPI_FULFILMENT,,03-10-2025,03-10-2025,04-10-2025,AXNPN27701342567,300.0,0.0,0.0,0.0,0.0
PAYMENT,KTCL-ST2412000115-68dfe628c195d,OMO2510032035129519730765,PhonePe Private Limited,UPI_FULFILMENT,,03-10-2025,03-10-2025,04-10-2025,AXNPN27701342567,260.0,0.0,0.0,0.0,0.0
PAYMENT,KTCL-ST2503003199-68df2509d6288,OMO2510030651140573212608,PhonePe Private Limited,UPI_FULFILMENT,,03-10-2025,03-10-2025,04-10-2025,AXNPN27701342567,150.0,0.0,0.0,0.0,0.0
PAYMENT,KTCL-GN2502015445-68df28c477f9e,OMO2510030707085843871052,PhonePe Private Limited,UPI_FULFILMENT,,03-10-2025,03-10-2025,04-10-2025,AXNPN27701342567,200.0,0.0,0.0,0.0,0.0
PAYMENT,KTCL-GN2412008091-68df27dd683d8,OMO2510030703175582962499,PhonePe Private Limited,UPI_FULFILMENT,,03-10-2025,03-10-2025,04-10-2025,AXNPN27701342567,100.0,0.0,0.0,0.0,0.0
PAYMENT,KTCL-GN2505021757-68df67a12f8d0,OMO2510031135213114119006,PhonePe Private Limited,UPI_FULFILMENT,,03-10-2025,03-10-2025,04-10-2025,AXNPN27701342567,150.0,0.0,0.0,0.0,0.0
PAYMENT,KTCL-GN2505021695-68df360961f30,OMO2510030803456206787751,PhonePe Private Limited,UPI_FULFILMENT,,03-10-2025,03-10-2025,04-10-2025,AXNPN27701342567,400.0,0.0,0.0,0.0,0.0
PAYMENT,KTCL-GN2412004039-68df5e7e3a0a4,OMO2510031056223904755416,PhonePe Private Limited,UPI_FULFILMENT,,03-10-2025,03-10-2025,04-10-2025,AXNPN27701342567,1000.0,0.0,0.0,0.0,0.0
PAYMENT,KTCL-GN2412006530-68df3c4d10116,OMO2510030830291840434534,PhonePe Private Limited,UPI_FULFILMENT,,03-10-2025,03-10-2025,04-10-2025,AXNPN27701342567,200.0,0.0,0.0,0.0,0.0
PAYMENT,KTCL-GN2502010279-68df2e4c78246,OMO2510030730446385447424,PhonePe Private Limited,UPI_FULFILMENT,,03-10-2025,03-10-2025,04-10-2025,AXNPN27701342567,1500.0,0.0,0.0,0.0,0.0
PAYMENT,KTCL-GN2505021989-68df387004c2a,OMO2510030814001782892848,PhonePe Private Limited,UPI_FULFILMENT,,03-10-2025,03-10-2025,04-10-2025,AXNPN27701342567,100.0,0.0,0.0,0.0,0.0
PAYMENT,KTCL-GN2412002623-68df2c63382c4,OMO2510030722353569623537,PhonePe Private Limited,UPI_FULFILMENT,,03-10-2025,03-10-2025,04-10-2025,AXNPN27701342567,1000.0,0.0,0.0,0.0,0.0
PAYMENT,KTCL-GN2412008039-68df4116e6050,OMO2510030850550656787689,PhonePe Private Limited,UPI_FULFILMENT,,03-10-2025,03-10-2025,04-10-2025,AXNPN27701342567,200.0,0.0,0.0,0.0,0.0
PAYMENT,KTCL-GN2502014744-68df7a8ead01b,OMO2510031256068654394787,PhonePe Private Limited,UPI_FULFILMENT,,03-10-2025,03-10-2025,04-10-2025,AXNPN27701342567,500.0,0.0,0.0,0.0,0.0
PAYMENT,KTCL-GN2412003781-68dfb86104c56,OMO2510031719531700656492,PhonePe Private Limited,UPI_FULFILMENT,,03-10-2025,03-10-2025,04-10-2025,AXNPN27701342567,200.0,0.0,0.0,0.0,0.0
PAYMENT,KTCL-GN2412001440-68df98466f71f,OMO2510031502546521682525,PhonePe Private Limited,UPI_FULFILMENT,,03-10-2025,03-10-2025,04-10-2025,AXNPN27701342567,300.0,0.0,0.0,0.0,0.0
PAYMENT,KTCL-GN2502010849-68dfc11a3d843,OMO2510031757063825318142,PhonePe Private Limited,UPI_FULFILMENT,,03-10-2025,03-10-2025,04-10-2025,AXNPN27701342567,1000.0,0.0,0.0,0.0,0.0
PAYMENT,KTCL-GN2502011856-68df3b022835e,OMO2510030824582781763041,PhonePe Private Limited,UPI_FULFILMENT,,03-10-2025,03-10-2025,04-10-2025,AXNPN27701342567,500.0,0.0,0.0,0.0,0.0
PAYMENT,KTCL-GN2412002758-68dfd250879ae,OMO2510031910327117287580,PhonePe Private Limited,UPI_FULFILMENT,,03-10-2025,03-10-2025,04-10-2025,AXNPN27701342567,500.0,0.0,0.0,0.0,0.0
PAYMENT,KTCL-ST2501002316-68e000e304d1d,OMO2510032229152561682293,PhonePe Private Limited,UPI_FULFILMENT,,03-10-2025,03-10-2025,04-10-2025,AXNPN27701342567,200.0,0.0,0.0,0.0,0.0
PAYMENT,KTCL-ST2503003140-68df2a33ec0ae,OMO2510030713160844119522,PhonePe Private Limited,UPI_FULFILMENT,,03-10-2025,03-10-2025,04-10-2025,AXNPN27701342567,500.0,0.0,0.0,0.0,0.0
PAYMENT,KTCL-ST2501002159-68dfa46ea6daa,OMO2510031554468315073902,PhonePe Private Limited,UPI_FULFILMENT,,03-10-2025,03-10-2025,04-10-2025,AXNPN27701342567,500.0,0.0,0.0,0.0,0.0
PAYMENT,KTCL-GN2412004824-68df31e7c14b4,OMO2510030746079169279840,PhonePe Private Limited,UPI_FULFILMENT,,03-10-2025,03-10-2025,04-10-2025,AXNPN27701342567,500.0,0.0,0.0,0.0,0.0
PAYMENT,KTCL-GN2505022040-68df36c950517,OMO2510030806574419623897,PhonePe Private Limited,UPI_FULFILMENT,,03-10-2025,03-10-2025,04-10-2025,AXNPN27701342567,200.0,0.0,0.0,0.0,0.0
PAYMENT,KTCL-GN2412005853-68df30b809c5c,OMO2510030741041424394329,PhonePe Private Limited,UPI_FULFILMENT,,03-10-2025,03-10-2025,04-10-2025,AXNPN27701342567,500.0,0.0,0.0,0.0,0.0
PAYMENT,KTCL-GN2502019829-68df2e598b8dd,OMO2510030730577239308580,PhonePe Private Limited,UPI_FULFILMENT,,03-10-2025,03-10-2025,04-10-2025,AXNPN27701342567,500.0,0.0,0.0,0.0,0.0
PAYMENT,KTCL-GN2502015716-68df390b03808,OMO2510030816351184948859,PhonePe Private Limited,UPI_FULFILMENT,,03-10-2025,03-10-2025,04-10-2025,AXNPN27701342567,500.0,0.0,0.0,0.0,0.0
PAYMENT,KTCL-GN2505021630-68dfb145d4cdb,OMO2510031649340515073313,PhonePe Private Limited,UPI_FULFILMENT,,03-10-2025,03-10-2025,04-10-2025,AXNPN27701342567,300.0,0.0,0.0,0.0,0.0
PAYMENT,KTCL-GN2412009416-68df8f0882858,OMO2510031423286753515533,PhonePe Private Limited,UPI_FULFILMENT,,03-10-2025,03-10-2025,04-10-2025,AXNPN27701342567,500.0,0.0,0.0,0.0,0.0
PAYMENT,KTCL-ST2501001489-68df22a9df3e8,OMO2510030641060309279303,PhonePe Private Limited,UPI_FULFILMENT,,03-10-2025,03-10-2025,04-10-2025,AXNPN27701342567,400.0,0.0,0.0,0.0,0.0
PAYMENT,KTCL-GN2412000850-68dfca56a9027,OMO2510031836308243515253,PhonePe Private Limited,UPI_FULFILMENT,,03-10-2025,03-10-2025,04-10-2025,AXNPN27701342567,200.0,0.0,0.0,0.0,0.0
PAYMENT,KTCL-GN2412004768-68df23d406216,OMO2510030646041963350106,PhonePe Private Limited,UPI_FULFILMENT,,03-10-2025,03-10-2025,04-10-2025,AXNPN27701342567,500.0,0.0,0.0,0.0,0.0
PAYMENT,KTCL-GN2502011196-68df2d11c93fa,OMO2510030725299354119533,PhonePe Private Limited,UPI_FULFILMENT,,03-10-2025,03-10-2025,04-10-2025,AXNPN27701342567,150.0,0.0,0.0,0.0,0.0
PAYMENT,KTCL-GN2412004244-68dfd8bfde2c3,OMO2510031938000743515551,PhonePe Private Limited,UPI_FULFILMENT,,03-10-2025,03-10-2025,04-10-2025,AXNPN27701342567,800.0,0.0,0.0,0.0,0.0
PAYMENT,KTCL-GN2412000882-68dfbcea50d05,OMO2510031739144540797481,PhonePe Private Limited,UPI_FULFILMENT,,03-10-2025,03-10-2025,04-10-2025,AXNPN27701342567,200.0,0.0,0.0,0.0,0.0
PAYMENT,KTCL-ST2501002787-68dfc072c2a9b,OMO2510031754189139730751,PhonePe Private Limited,UPI_FULFILMENT,,03-10-2025,03-10-2025,04-10-2025,AXNPN27701342567,100.0,0.0,0.0,0.0,0.0
PAYMENT,KTCL-GN2412005363-68df55ac51335,OMO2510031018444639623893,PhonePe Private Limited,UPI_FULFILMENT,,03-10-2025,03-10-2025,04-10-2025,AXNPN27701342567,100.0,0.0,0.0,0.0,0.0
PAYMENT,KTCL-GN2412000233-68dfb1c84dfd7,OMO2510031651444785073226,PhonePe Private Limited,UPI_FULFILMENT,,03-10-2025,03-10-2025,04-10-2025,AXNPN27701342567,500.0,0.0,0.0,0.0,0.0
PAYMENT,KTCL-GN2502019489-68df7010b3a66,OMO2510031211209081424277,PhonePe Private Limited,UPI_FULFILMENT,,03-10-2025,03-10-2025,04-10-2025,AXNPN27701342567,500.0,0.0,0.0,0.0,0.0
PAYMENT,KTCL-ST2412000306-68df271e45b33,OMO2510030700063916787138,PhonePe Private Limited,UPI_FULFILMENT,,03-10-2025,03-10-2025,04-10-2025,AXNPN27701342567,250.0,0.0,0.0,0.0,0.0
PAYMENT,KTCL-GN2505021927-68df9edb738e2,OMO2510031530595944168384,PhonePe Private Limited,UPI_FULFILMENT,,03-10-2025,03-10-2025,04-10-2025,AXNPN27701342567,600.0,0.0,0.0,0.0,0.0
PAYMENT,KTCL-GN2502011058-68dfca487ef09,OMO2510031836166552420101,PhonePe Private Limited,UPI_FULFILMENT,,03-10-2025,03-10-2025,04-10-2025,AXNPN27701342567,200.0,0.0,0.0,0.0,0.0
PAYMENT,KTCL-GN2412002078-68df2b2fcff0d,OMO2510030717279554394521,PhonePe Private Limited,UPI_FULFILMENT,,03-10-2025,03-10-2025,04-10-2025,AXNPN27701342567,1000.0,0.0,0.0,0.0,0.0
PAYMENT,KTCL-GN2412005521-68df28631a54a,OMO2510030705312494755947,PhonePe Private Limited,UPI_FULFILMENT,,03-10-2025,03-10-2025,04-10-2025,AXNPN27701342567,100.0,0.0,0.0,0.0,0.0
PAYMENT,KTCL-ST2507003711-68df44bc5d709,OMO2510030906285272892190,PhonePe Private Limited,UPI_FULFILMENT,,03-10-2025,03-10-2025,04-10-2025,AXNPN27701342567,100.0,0.0,0.0,0.0,0.0
PAYMENT,KTCL-GN2412008101-68df40d48b97b,OMO2510030849487335447663,PhonePe Private Limited,UPI_FULFILMENT,,03-10-2025,03-10-2025,04-10-2025,AXNPN27701342567,2000.0,0.0,0.0,0.0,0.0
PAYMENT,KTCL-GN2505021316-68dfb759548e6,OMO2510031715295111682338,PhonePe Private Limited,UPI_FULFILMENT,,03-10-2025,03-10-2025,04-10-2025,AXNPN27701342567,300.0,0.0,0.0,0.0,0.0
PAYMENT,KTCL-GN2502014329-68dfcd0be91f3,OMO2510031848040842430267,PhonePe Private Limited,UPI_FULFILMENT,,03-10-2025,03-10-2025,04-10-2025,AXNPN27701342567,500.0,0.0,0.0,0.0,0.0
PAYMENT,KTCL-GN2412007729-68df2a1dd954d,OMO2510030712540009623403,PhonePe Private Limited,UPI_FULFILMENT,,03-10-2025,03-10-2025,04-10-2025,AXNPN27701342567,500.0,0.0,0.0,0.0,0.0
PAYMENT,KTCL-GN2502012035-68dfa03045174,OMO2510031536404174168868,PhonePe Private Limited,UPI_FULFILMENT,,03-10-2025,03-10-2025,04-10-2025,AXNPN27701342567,200.0,0.0,0.0,0.0,0.0
PAYMENT,KTCL-GN2502014836-68df3936123cb,OMO2510030817182074755913,PhonePe Private Limited,UPI_FULFILMENT,,03-10-2025,03-10-2025,04-10-2025,AXNPN27701342567,500.0,0.0,0.0,0.0,0.0
PAYMENT,KTCL-GN2412007743-68df2aa156896,OMO2510030715054943212143,PhonePe Private Limited,UPI_FULFILMENT,,03-10-2025,03-10-2025,04-10-2025,AXNPN27701342567,300.0,0.0,0.0,0.0,0.0
PAYMENT,KTCL-ST2507003844-68dfa881912d2,OMO2510031612097783668136,PhonePe Private Limited,UPI_FULFILMENT,,03-10-2025,03-10-2025,04-10-2025,AXNPN27701342567,500.0,0.0,0.0,0.0,0.0
PAYMENT,KTCL-GN2505021709-68df205e6c045,OMO2510030631185901424830,PhonePe Private Limited,UPI_FULFILMENT,,03-10-2025,03-10-2025,04-10-2025,AXNPN27701342567,150.0,0.0,0.0,0.0,0.0
PAYMENT,KTCL-ST2501002776-68df3e5dc3d3f,OMO2510030839179271763170,PhonePe Private Limited,UPI_FULFILMENT,,03-10-2025,03-10-2025,04-10-2025,AXNPN27701342567,100.0,0.0,0.0,0.0,0.0
PAYMENT,KTCL-GN2509023021-68df28b14b1f8,OMO2510030706494660434132,PhonePe Private Limited,UPI_FULFILMENT,,03-10-2025,03-10-2025,04-10-2025,AXNPN27701342567,300.0,0.0,0.0,0.0,0.0
PAYMENT,KTCL-GN2505021624-68df2b3329fce,OMO2510030717313113871051,PhonePe Private Limited,UPI_FULFILMENT,,03-10-2025,03-10-2025,04-10-2025,AXNPN27701342567,1000.0,0.0,0.0,0.0,0.0
PAYMENT,KTCL-GN2509023133-68dfb41b2ff4f,OMO2510031701393297287145,PhonePe Private Limited,UPI_FULFILMENT,,03-10-2025,03-10-2025,04-10-2025,AXNPN27701342567,100.0,0.0,0.0,0.0,0.0
PAYMENT,KTCL-GN2412003585-68dff26eccbc2,OMO2510032127350307287955,PhonePe Private Limited,UPI_FULFILMENT,,03-10-2025,03-10-2025,04-10-2025,AXNPN27701342567,550.0,0.0,0.0,0.0,0.0
PAYMENT,KTCL-GN2505022749-68df4674a43e5,OMO2510030913487985447807,PhonePe Private Limited,UPI_FULFILMENT,,03-10-2025,03-10-2025,04-10-2025,AXNPN27701342567,2000.0,0.0,0.0,0.0,0.0
PAYMENT,KTCL-GN2412003537-68df485076460,OMO2510030921446664394087,PhonePe Private Limited,UPI_FULFILMENT,,03-10-2025,03-10-2025,04-10-2025,AXNPN27701342567,300.0,0.0,0.0,0.0,0.0
PAYMENT,KTCL-ST2412000114-68dfe4c60d8bc,OMO2510032029182485073224,PhonePe Private Limited,UPI_FULFILMENT,,03-10-2025,03-10-2025,04-10-2025,AXNPN27701342567,260.0,0.0,0.0,0.0,0.0
PAYMENT,KTCL-ST2501000923-68df3ac31f0f0,OMO2510030823552341763159,PhonePe Private Limited,UPI_FULFILMENT,,03-10-2025,03-10-2025,04-10-2025,AXNPN27701342567,600.0,0.0,0.0,0.0,0.0
PAYMENT,KTCL-GN2412001234-68df4568ec720,OMO2510030909211240434387,PhonePe Private Limited,UPI_FULFILMENT,,03-10-2025,03-10-2025,04-10-2025,AXNPN27701342567,200.0,0.0,0.0,0.0,0.0
PAYMENT,KTCL-GN2412000210-68df4faa03d55,OMO2510030953062123871089,PhonePe Private Limited,UPI_FULFILMENT,,03-10-2025,03-10-2025,04-10-2025,AXNPN27701342567,200.0,0.0,0.0,0.0,0.0
PAYMENT,KTCL-GN2505020345-68df45549f23b,OMO2510030909007584948666,PhonePe Private Limited,UPI_FULFILMENT,,03-10-2025,03-10-2025,04-10-2025,AXNPN27701342567,200.0,0.0,0.0,0.0,0.0
PAYMENT,KTCL-GN2502014419-68dfbaf5234da,OMO2510031730532941682518,PhonePe Private Limited,UPI_FULFILMENT,,03-10-2025,03-10-2025,04-10-2025,AXNPN27701342567,200.0,0.0,0.0,0.0,0.0
PAYMENT,KTCL-GN2412000156-68df8e6130210,OMO2510031420413741545887,PhonePe Private Limited,UPI_FULFILMENT,,03-10-2025,03-10-2025,04-10-2025,AXNPN27701342567,300.0,0.0,0.0,0.0,0.0
PAYMENT,KTCL-GN2502010645-68dfd76680427,OMO2510031932146990656976,PhonePe Private Limited,UPI_FULFILMENT,,03-10-2025,03-10-2025,04-10-2025,AXNPN27701342567,200.0,0.0,0.0,0.0,0.0
PAYMENT,KTCL-GN2502019959-68df4a902bd3a,OMO2510030931203591424525,PhonePe Private Limited,UPI_FULFILMENT,,03-10-2025,03-10-2025,04-10-2025,AXNPN27701342567,500.0,0.0,0.0,0.0,0.0
PAYMENT,KTCL-ST2507003576-68df1f9d7c20c,OMO2510030628057034394706,PhonePe Private Limited,UPI_FULFILMENT,,03-10-2025,03-10-2025,04-10-2025,AXNPN27701342567,500.0,0.0,0.0,0.0,0.0
PAYMENT,KTCL-GN2505021544-68df275f71c34,OMO2510030701116083871481,PhonePe Private Limited,UPI_FULFILMENT,,03-10-2025,03-10-2025,04-10-2025,AXNPN27701342567,200.0,0.0,0.0,0.0,0.0
PAYMENT,KTCL-GN2505020763-68df30e688238,OMO2510030741506875447618,PhonePe Private Limited,UPI_FULFILMENT,,03-10-2025,03-10-2025,04-10-2025,AXNPN27701342567,1000.0,0.0,0.0,0.0,0.0
PAYMENT,KTCL-GN2412007033-68dfc984633d1,OMO2510031833005374168815,PhonePe Private Limited,UPI_FULFILMENT,,03-10-2025,03-10-2025,04-10-2025,AXNPN27701342567,100.0,0.0,0.0,0.0,0.0
PAYMENT,KTCL-ST2507003653-68df2fc1d5035,OMO2510030736580041616088,PhonePe Private Limited,UPI_FULFILMENT,,03-10-2025,03-10-2025,04-10-2025,AXNPN27701342567,150.0,0.0,0.0,0.0,0.0
PAYMENT,KTCL-GN2412002141-68df5f34bbcf1,OMO2510031059249481424051,PhonePe Private Limited,UPI_FULFILMENT,,03-10-2025,03-10-2025,04-10-2025,AXNPN27701342567,1000.0,0.0,0.0,0.0,0.0
PAYMENT,KTCL-GN2412000259-68dfff185a52b,OMO2510032221365160797522,PhonePe Private Limited,UPI_FULFILMENT,,03-10-2025,03-10-2025,04-10-2025,AXNPN27701342567,100.0,0.0,0.0,0.0,0.0
PAYMENT,KTCL-GN2412001057-68df29afcb733,OMO2510030711039515210578,PhonePe Private Limited,UPI_FULFILMENT,,03-10-2025,03-10-2025,04-10-2025,AXNPN27701342567,400.0,0.0,0.0,0.0,0.0
PAYMENT,KTCL-GN2502011860-68df22fac80ee,OMO2510030642269481424294,PhonePe Private Limited,UPI_FULFILMENT,,03-10-2025,03-10-2025,04-10-2025,AXNPN27701342567,100.0,0.0,0.0,0.0,0.0
PAYMENT,KTCL-GN2505022680-68df69d7ea0a3,OMO2510031144481497183886,PhonePe Private Limited,UPI_FULFILMENT,,03-10-2025,03-10-2025,04-10-2025,AXNPN27701342567,300.0,0.0,0.0,0.0,0.0
PAYMENT,KTCL-GN2502011930-68dfc9546bf3f,OMO2510031832126070656598,PhonePe Private Limited,UPI_FULFILMENT,,03-10-2025,03-10-2025,04-10-2025,AXNPN27701342567,100.0,0.0,0.0,0.0,0.0
PAYMENT,KTCL-GN2502018398-68e00ddd50763,OMO2510032324375930797234,PhonePe Private Limited,UPI_FULFILMENT,,03-10-2025,03-10-2025,04-10-2025,AXNPN27701342567,100.0,0.0,0.0,0.0,0.0
PAYMENT,KTCL-ST2501002262-68df2d2330951,OMO2510030725473262892537,PhonePe Private Limited,UPI_FULFILMENT,,03-10-2025,03-10-2025,04-10-2025,AXNPN27701342567,300.0,0.0,0.0,0.0,0.0
PAYMENT,KTCL-GN2502009971-68df20491d340,OMO2510030630572496198193,PhonePe Private Limited,UPI_FULFILMENT,,03-10-2025,03-10-2025,04-10-2025,AXNPN27701342567,400.0,0.0,0.0,0.0,0.0
PAYMENT,KTCL-GN2502014137-68dfcadaae2c5,OMO2510031838428477287762,PhonePe Private Limited,UPI_FULFILMENT,,03-10-2025,03-10-2025,04-10-2025,AXNPN27701342567,1000.0,0.0,0.0,0.0,0.0
PAYMENT,KTCL-GN2505020532-68df2fc31cd3d,OMO2510030736592383212694,PhonePe Private Limited,UPI_FULFILMENT,,03-10-2025,03-10-2025,04-10-2025,AXNPN27701342567,300.0,0.0,0.0,0.0,0.0
PAYMENT,KTCL-ST2507004413-68df371682f65,OMO2510030808146527183988,PhonePe Private Limited,UPI_FULFILMENT,,03-10-2025,03-10-2025,04-10-2025,AXNPN27701342567,300.0,0.0,0.0,0.0,0.0
PAYMENT,KTCL-ST2501002736-68df8780eefa9,OMO2510031351210975515740,PhonePe Private Limited,UPI_FULFILMENT,,03-10-2025,03-10-2025,04-10-2025,AXNPN27701342567,100.0,0.0,0.0,0.0,0.0
PAYMENT,KTCL-GN2412003077-68dfb45d289f8,OMO2510031702452999730935,PhonePe Private Limited,UPI_FULFILMENT,,03-10-2025,03-10-2025,04-10-2025,AXNPN27701342567,500.0,0.0,0.0,0.0,0.0
PAYMENT,KTCL-GN2502018391-68df470344746,OMO2510030916114224394043,PhonePe Private Limited,UPI_FULFILMENT,,03-10-2025,03-10-2025,04-10-2025,AXNPN27701342567,300.0,0.0,0.0,0.0,0.0
PAYMENT,KTCL-GN2505022062-68df0efc71908,OMO2510030517085939928542,PhonePe Private Limited,UPI_FULFILMENT,,03-10-2025,03-10-2025,04-10-2025,AXNPN27701342567,300.0,0.0,0.0,0.0,0.0
PAYMENT,KTCL-GN2502018178-68df42c392605,OMO2510030858037300801109,PhonePe Private Limited,UPI_FULFILMENT,,03-10-2025,03-10-2025,04-10-2025,AXNPN27701342567,200.0,0.0,0.0,0.0,0.0
PAYMENT,KTCL-ST2501001226-68df3d0958554,OMO2510030833375074394959,PhonePe Private Limited,UPI_FULFILMENT,,03-10-2025,03-10-2025,04-10-2025,AXNPN27701342567,100.0,0.0,0.0,0.0,0.0
PAYMENT,KTCL-GN2412003075-68dfdaec06079,OMO2510031947162000797940,PhonePe Private Limited,UPI_FULFILMENT,,03-10-2025,03-10-2025,04-10-2025,AXNPN27701342567,500.0,0.0,0.0,0.0,0.0
PAYMENT,KTCL-GN2412006338-68df2c981cae6,OMO2510030723282429279158,PhonePe Private Limited,UPI_FULFILMENT,,03-10-2025,03-10-2025,04-10-2025,AXNPN27701342567,1500.0,0.0,0.0,0.0,0.0
PAYMENT,KTCL-ST2507004182-68df201e85d70,OMO2510030630146876198089,PhonePe Private Limited,UPI_FULFILMENT,,03-10-2025,03-10-2025,04-10-2025,AXNPN27701342567,200.0,0.0,0.0,0.0,0.0
PAYMENT,KTCL-ST2501002462-68df96e2eb98d,OMO2510031456591283668327,PhonePe Private Limited,UPI_FULFILMENT,,03-10-2025,03-10-2025,04-10-2025,AXNPN27701342567,150.0,0.0,0.0,0.0,0.0
PAYMENT,KTCL-GN2502015400-68df327d4503e,OMO2510030748373931763526,PhonePe Private Limited,UPI_FULFILMENT,,03-10-2025,03-10-2025,04-10-2025,AXNPN27701342567,300.0,0.0,0.0,0.0,0.0
PAYMENT,KTCL-ST2501001656-68df36ee5486c,OMO2510030807344460865910,PhonePe Private Limited,UPI_FULFILMENT,,03-10-2025,03-10-2025,04-10-2025,AXNPN27701342567,200.0,0.0,0.0,0.0,0.0
PAYMENT,KTCL-GN2412000043-68df200e9d2f3,OMO2510030629587997183507,PhonePe Private Limited,UPI_FULFILMENT,,03-10-2025,03-10-2025,04-10-2025,AXNPN27701342567,500.0,0.0,0.0,0.0,0.0
PAYMENT,KTCL-GN2505021455-68df2d41bb75a,OMO2510030726178881616560,PhonePe Private Limited,UPI_FULFILMENT,,03-10-2025,03-10-2025,04-10-2025,AXNPN27701342567,1000.0,0.0,0.0,0.0,0.0
PAYMENT,KTCL-GN2505021490-68df3e9b92e4f,OMO2510030840197229928951,PhonePe Private Limited,UPI_FULFILMENT,,03-10-2025,03-10-2025,04-10-2025,AXNPN27701342567,300.0,0.0,0.0,0.0,0.0
PAYMENT,KTCL-GN2502015194-68df2e9be5593,OMO2510030732040585434283,PhonePe Private Limited,PG_DC_FULFILMENT,,03-10-2025,03-10-2025,04-10-2025,AXNPN27701342567,500.0,0.0,0.0,0.0,0.0
PAYMENT,KTCL-ST2501002183-68df2ead1e10f,OMO2510030732212789308668,PhonePe Private Limited,UPI_FULFILMENT,,03-10-2025,03-10-2025,04-10-2025,AXNPN27701342567,100.0,0.0,0.0,0.0,0.0
PAYMENT,KTCL-GN2412006728-68df56378cbee,OMO2510031021036859279544,PhonePe Private Limited,UPI_FULFILMENT,,03-10-2025,03-10-2025,04-10-2025,AXNPN27701342567,500.0,0.0,0.0,0.0,0.0
PAYMENT,KTCL-GNP2505000173-68dfbaf813112,OMO2510031730562201357255,PhonePe Private Limited,UPI_FULFILMENT,,03-10-2025,03-10-2025,04-10-2025,AXNPN27701342567,100.0,0.0,0.0,0.0,0.0
PAYMENT,KTCL-GN2502019292-68df37ddc4998,OMO2510030811339080434754,PhonePe Private Limited,UPI_FULFILMENT,,03-10-2025,03-10-2025,04-10-2025,AXNPN27701342567,200.0,0.0,0.0,0.0,0.0
PAYMENT,KTCL-GN2502013517-68dfc295957db,OMO2510031803257501776538,PhonePe Private Limited,UPI_FULFILMENT,,03-10-2025,03-10-2025,04-10-2025,AXNPN27701342567,1000.0,0.0,0.0,0.0,0.0
PAYMENT,KTCL-GN2505020810-68df3fac211fa,OMO2510030844522446787384,PhonePe Private Limited,UPI_FULFILMENT,,03-10-2025,03-10-2025,04-10-2025,AXNPN27701342567,250.0,0.0,0.0,0.0,0.0
PAYMENT,KTCL-GN2412001358-68df496951176,OMO2510030926254929308395,PhonePe Private Limited,UPI_FULFILMENT,,03-10-2025,03-10-2025,04-10-2025,AXNPN27701342567,500.0,0.0,0.0,0.0,0.0
PAYMENT,KTCL-ST2503003078-68dfc06d8fd01,OMO2510031754136932273805,PhonePe Private Limited,UPI_CC_FULFILMENT,,03-10-2025,03-10-2025,04-10-2025,AXNPN27701342567,500.0,-10.0,-1.8,0.0,0.0
PAYMENT,KTCL-GN2502019596-68df454d0e739,OMO2510030908531823212580,PhonePe Private Limited,UPI_FULFILMENT,,03-10-2025,03-10-2025,04-10-2025,AXNPN27701342567,1000.0,0.0,0.0,0.0,0.0
CONVENIENCE_FEE,KTCL-GN2502014574-68dfbc0d16958,T2510031735583573502708,PhonePe Private Limited,PG_CC_ADDITIONAL_FEE_REVENUE,,03-10-2025,03-10-2025,04-10-2025,AXNPN27701342567,-11.5,9.745763,1.754237,0.0,0.0
PAYMENT,KTCL-GN2502014574-68dfbc0d16958,OMO2510031735332340878982,PhonePe Private Limited,PG_CC_FULFILMENT,,03-10-2025,03-10-2025,04-10-2025,AXNPN27701342567,500.0,0.0,0.0,0.0,0.0
PAYMENT,KTCL-GN2412002874-68df788af23da,OMO2510031247311426198102,PhonePe Private Limited,UPI_FULFILMENT,,03-10-2025,03-10-2025,04-10-2025,AXNPN27701342567,100.0,0.0,0.0,0.0,0.0
PAYMENT,KTCL-GN2502018095-68dfbb5689b4c,OMO2510031732306991682209,PhonePe Private Limited,UPI_FULFILMENT,,03-10-2025,03-10-2025,04-10-2025,AXNPN27701342567,150.0,0.0,0.0,0.0,0.0
PAYMENT,KTCL-GN2412005880-68df443223186,OMO2510030904102825210518,PhonePe Private Limited,UPI_FULFILMENT,,03-10-2025,03-10-2025,04-10-2025,AXNPN27701342567,200.0,0.0,0.0,0.0,0.0
PAYMENT,KTCL-GN2412001084-68df7465704e5,OMO2510031229496584948646,PhonePe Private Limited,UPI_FULFILMENT,,03-10-2025,03-10-2025,04-10-2025,AXNPN27701342567,200.0,0.0,0.0,0.0,0.0
PAYMENT,KTCL-GN2412004780-68dfbc5dabadc,OMO2510031736538640797577,PhonePe Private Limited,UPI_FULFILMENT,,03-10-2025,03-10-2025,04-10-2025,AXNPN27701342567,500.0,0.0,0.0,0.0,0.0
PAYMENT,KTCL-GN2502010605-68dfb2aae8762,OMO2510031655311021776511,PhonePe Private Limited,UPI_FULFILMENT,,03-10-2025,03-10-2025,04-10-2025,AXNPN27701342567,100.0,0.0,0.0,0.0,0.0
PAYMENT,KTCL-ST2501002549-68df800c05929,OMO2510031319322080434955,PhonePe Private Limited,UPI_FULFILMENT,,03-10-2025,03-10-2025,04-10-2025,AXNPN27701342567,100.0,0.0,0.0,0.0,0.0
PAYMENT,KTCL-ST2412000118-68dfe5bb219c5,OMO2510032033232833826916,PhonePe Private Limited,UPI_FULFILMENT,,03-10-2025,03-10-2025,04-10-2025,AXNPN27701342567,260.0,0.0,0.0,0.0,0.0
PAYMENT,KTCL-GN2412000609-68df2af46ce64,OMO2510030716285815447272,PhonePe Private Limited,UPI_FULFILMENT,,03-10-2025,03-10-2025,04-10-2025,AXNPN27701342567,500.0,0.0,0.0,0.0,0.0
PAYMENT,KTCL-GN2502011918-68dfcebf5e675,OMO2510031855195178862286,PhonePe Private Limited,UPI_FULFILMENT,,03-10-2025,03-10-2025,04-10-2025,AXNPN27701342567,1500.0,0.0,0.0,0.0,0.0
PAYMENT,KTCL-GN2502013274-68df278fdef69,OMO2510030702000335447271,PhonePe Private Limited,UPI_FULFILMENT,,03-10-2025,03-10-2025,04-10-2025,AXNPN27701342567,500.0,0.0,0.0,0.0,0.0
PAYMENT,KTCL-GN2502011053-68df2b02a837d,OMO2510030716427959623626,PhonePe Private Limited,UPI_FULFILMENT,,03-10-2025,03-10-2025,04-10-2025,AXNPN27701342567,100.0,0.0,0.0,0.0,0.0
PAYMENT,KTCL-GN2502018953-68df635148281,OMO2510031116574150865484,PhonePe Private Limited,UPI_FULFILMENT,,03-10-2025,03-10-2025,04-10-2025,AXNPN27701342567,100.0,0.0,0.0,0.0,0.0
PAYMENT,KTCL-ST2412000259-68df604dc5e60,OMO2510031104059899279016,PhonePe Private Limited,UPI_FULFILMENT,,03-10-2025,03-10-2025,04-10-2025,AXNPN27701342567,500.0,0.0,0.0,0.0,0.0
PAYMENT,KTCL-GN2502013680-68df7ba5743db,OMO2510031300456479928816,PhonePe Private Limited,UPI_FULFILMENT,,03-10-2025,03-10-2025,04-10-2025,AXNPN27701342567,700.0,0.0,0.0,0.0,0.0
PAYMENT,KTCL-GN2505022734-68df979f03140,OMO2510031500071555073921,PhonePe Private Limited,UPI_FULFILMENT,,03-10-2025,03-10-2025,04-10-2025,AXNPN27701342567,300.0,0.0,0.0,0.0,0.0
PAYMENT,KTCL-GN2502012903-68dfbf1d707da,OMO2510031748375963826877,PhonePe Private Limited,UPI_FULFILMENT,,03-10-2025,03-10-2025,04-10-2025,AXNPN27701342567,200.0,0.0,0.0,0.0,0.0
PAYMENT,KTCL-GN2412002197-68dff92accd35,OMO2510032156190226909802,PhonePe Private Limited,UPI_FULFILMENT,,03-10-2025,03-10-2025,04-10-2025,AXNPN27701342567,500.0,0.0,0.0,0.0,0.0
PAYMENT,KTCL-GN2509023424-68dff29099fa1,OMO2510032128087822273475,PhonePe Private Limited,UPI_CC_FULFILMENT,,03-10-2025,03-10-2025,04-10-2025,AXNPN27701342567,100.0,-2.0,-0.36,0.0,0.0
PAYMENT,KTCL-GN2412007705-68dfcec516790,OMO2510031855252460797907,PhonePe Private Limited,UPI_FULFILMENT,,03-10-2025,03-10-2025,04-10-2025,AXNPN27701342567,225.0,0.0,0.0,0.0,0.0
PAYMENT,KTCL-GN2502012735-68df3d10e1b3d,OMO2510030833449980801571,PhonePe Private Limited,UPI_FULFILMENT,,03-10-2025,03-10-2025,04-10-2025,AXNPN27701342567,1000.0,0.0,0.0,0.0,0.0
PAYMENT,KTCL-GN2502011262-68df6f55892bb,OMO2510031208137615210553,PhonePe Private Limited,UPI_FULFILMENT,,03-10-2025,03-10-2025,04-10-2025,AXNPN27701342567,100.0,0.0,0.0,0.0,0.0
PAYMENT,KTCL-GN2502018356-68df4042eb089,OMO2510030847230999279905,PhonePe Private Limited,UPI_FULFILMENT,,03-10-2025,03-10-2025,04-10-2025,AXNPN27701342567,500.0,0.0,0.0,0.0,0.0
PAYMENT,KTCL-ST2507003814-68df2ef2762e2,OMO2510030733306010434815,PhonePe Private Limited,UPI_FULFILMENT,,03-10-2025,03-10-2025,04-10-2025,AXNPN27701342567,100.0,0.0,0.0,0.0,0.0
PAYMENT,KTCL-GN2412005030-68df5436407b7,OMO2510031012304109279948,PhonePe Private Limited,UPI_FULFILMENT,,03-10-2025,03-10-2025,04-10-2025,AXNPN27701342567,500.0,0.0,0.0,0.0,0.0
PAYMENT,KTCL-ST2501000551-68dfc043bf347,OMO2510031753319050797136,PhonePe Private Limited,UPI_FULFILMENT,,03-10-2025,03-10-2025,04-10-2025,AXNPN27701342567,100.0,0.0,0.0,0.0,0.0
PAYMENT,KTCL-GN2412000484-68dfc7e6144b1,OMO2510031826062193515831,PhonePe Private Limited,UPI_FULFILMENT,,03-10-2025,03-10-2025,04-10-2025,AXNPN27701342567,600.0,0.0,0.0,0.0,0.0
PAYMENT,KTCL-GN2502014536-68df3aeeac9c0,OMO2510030824388280434680,PhonePe Private Limited,UPI_FULFILMENT,,03-10-2025,03-10-2025,04-10-2025,AXNPN27701342567,200.0,0.0,0.0,0.0,0.0
PAYMENT,KTCL-GN2412003017-68df4a1458ee7,OMO2510030929165640434832,PhonePe Private Limited,UPI_FULFILMENT,,03-10-2025,03-10-2025,04-10-2025,AXNPN27701342567,500.0,0.0,0.0,0.0,0.0
PAYMENT,KTCL-ST2501002214-68df3c8e5140f,OMO2510030831344929928479,PhonePe Private Limited,UPI_FULFILMENT,,03-10-2025,03-10-2025,04-10-2025,AXNPN27701342567,100.0,0.0,0.0,0.0,0.0
PAYMENT,KTCL-GN2412000158-68df220b7333f,OMO2510030638276370801631,PhonePe Private Limited,UPI_FULFILMENT,,03-10-2025,03-10-2025,04-10-2025,AXNPN27701342567,1000.0,0.0,0.0,0.0,0.0
PAYMENT,KTCL-GN2412002264-68dec55b9e9d2,OMO2510030002598473871514,PhonePe Private Limited,UPI_FULFILMENT,,03-10-2025,03-10-2025,04-10-2025,AXNPN27701342567,100.0,0.0,0.0,0.0,0.0
PAYMENT,KTCL-GN2505021817-68df33e81e407,OMO2510030754402942892683,PhonePe Private Limited,UPI_FULFILMENT,,03-10-2025,03-10-2025,04-10-2025,AXNPN27701342567,100.0,0.0,0.0,0.0,0.0
PAYMENT,KTCL-GNP2505001189-68dfc4ed02136,OMO2510031813251504168618,PhonePe Private Limited,UPI_FULFILMENT,,03-10-2025,03-10-2025,04-10-2025,AXNPN27701342567,500.0,0.0,0.0,0.0,0.0
PAYMENT,KTCL-GN2509023164-68df3cd62306f,OMO2510030832462655447902,PhonePe Private Limited,UPI_FULFILMENT,,03-10-2025,03-10-2025,04-10-2025,AXNPN27701342567,100.0,0.0,0.0,0.0,0.0
PAYMENT,KTCL-GN2505022773-68dfe026d1811,OMO2510032009350031682781,PhonePe Private Limited,UPI_FULFILMENT,,03-10-2025,03-10-2025,04-10-2025,AXNPN27701342567,2000.0,0.0,0.0,0.0,0.0
PAYMENT,KTCL-GN2502020014-68df31afae1c9,OMO2510030745118327183132,PhonePe Private Limited,UPI_FULFILMENT,,03-10-2025,03-10-2025,04-10-2025,AXNPN27701342567,1000.0,0.0,0.0,0.0,0.0
PAYMENT,KTCL-GN2502019277-68dfc7fb8beca,OMO2510031826277075318680,PhonePe Private Limited,UPI_FULFILMENT,,03-10-2025,03-10-2025,04-10-2025,AXNPN27701342567,200.0,0.0,0.0,0.0,0.0
PAYMENT,KTCL-GN2412002578-68df33f0115d4,OMO2510030754482072962818,PhonePe Private Limited,UPI_FULFILMENT,,03-10-2025,03-10-2025,04-10-2025,AXNPN27701342567,300.0,0.0,0.0,0.0,0.0
PAYMENT,KTCL-GN2502019756-68df453543022,OMO2510030908294066787715,PhonePe Private Limited,UPI_FULFILMENT,,03-10-2025,03-10-2025,04-10-2025,AXNPN27701342567,100.0,0.0,0.0,0.0,0.0
PAYMENT,KTCL-GN2412000218-68df48c9004ef,OMO2510030923451442962770,PhonePe Private Limited,UPI_FULFILMENT,,03-10-2025,03-10-2025,04-10-2025,AXNPN27701342567,1000.0,0.0,0.0,0.0,0.0
PAYMENT,KTCL-GN2412003072-68df2906b6e51,OMO2510030708148574755333,PhonePe Private Limited,UPI_FULFILMENT,,03-10-2025,03-10-2025,04-10-2025,AXNPN27701342567,100.0,0.0,0.0,0.0,0.0
PAYMENT,KTCL-GN2502015964-68df4ba3889cd,OMO2510030935557064755562,PhonePe Private Limited,UPI_FULFILMENT,,03-10-2025,03-10-2025,04-10-2025,AXNPN27701342567,100.0,0.0,0.0,0.0,0.0
CONVENIENCE_FEE,KTCL-GN2412005824-68df7293b3878,T2510031224073551053938,PhonePe Private Limited,PG_CC_ADDITIONAL_FEE_REVENUE,,03-10-2025,03-10-2025,04-10-2025,AXNPN27701342567,-4.6,3.898305,0.701695,0.0,0.0
PAYMENT,KTCL-GN2412005824-68df7293b3878,OMO2510031222038854755794,PhonePe Private Limited,PG_CC_FULFILMENT,,03-10-2025,03-10-2025,04-10-2025,AXNPN27701342567,200.0,0.0,0.0,0.0,0.0
PAYMENT,KTCL-GN2412007716-68df8a582631e,OMO2510031403283595318608,PhonePe Private Limited,UPI_FULFILMENT,,03-10-2025,03-10-2025,04-10-2025,AXNPN27701342567,200.0,0.0,0.0,0.0,0.0
PAYMENT,KTCL-ST2503003044-68df3131002b7,OMO2510030743050911616446,PhonePe Private Limited,UPI_FULFILMENT,,03-10-2025,03-10-2025,04-10-2025,AXNPN27701342567,500.0,0.0,0.0,0.0,0.0
PAYMENT,KTCL-GN2412006575-68dfc091e4a76,OMO2510031754500743515673,PhonePe Private Limited,UPI_FULFILMENT,,03-10-2025,03-10-2025,04-10-2025,AXNPN27701342567,500.0,0.0,0.0,0.0,0.0
PAYMENT,KTCL-GN2412000541-68df3f76aeaf7,OMO2510030843588500801802,PhonePe Private Limited,UPI_FULFILMENT,,03-10-2025,03-10-2025,04-10-2025,AXNPN27701342567,1000.0,0.0,0.0,0.0,0.0
PAYMENT,KTCL-GN2502011686-68dfbf2ba41e4,OMO2510031748517864168523,PhonePe Private Limited,UPI_FULFILMENT,,03-10-2025,03-10-2025,04-10-2025,AXNPN27701342567,200.0,0.0,0.0,0.0,0.0
PAYMENT,KTCL-ST2507003814-68df95924e58e,OMO2510031451225383668550,PhonePe Private Limited,UPI_FULFILMENT,,03-10-2025,03-10-2025,04-10-2025,AXNPN27701342567,100.0,0.0,0.0,0.0,0.0
PAYMENT,KTCL-GN2412007872-68df316a53a3e,OMO2510030744024590865249,PhonePe Private Limited,UPI_FULFILMENT,,03-10-2025,03-10-2025,04-10-2025,AXNPN27701342567,100.0,0.0,0.0,0.0,0.0
PAYMENT,KTCL-GN2505023011-68df2ded3a07e,OMO2510030729093515434617,PhonePe Private Limited,UPI_FULFILMENT,,03-10-2025,03-10-2025,04-10-2025,AXNPN27701342567,300.0,0.0,0.0,0.0,0.0
PAYMENT,KTCL-GN2412004940-68dfbe1823636,OMO2510031744163052273305,PhonePe Private Limited,UPI_FULFILMENT,,03-10-2025,03-10-2025,04-10-2025,AXNPN27701342567,500.0,0.0,0.0,0.0,0.0
PAYMENT,KTCL-GN2502013919-68df311cbd5ac,OMO2510030742449255434117,PhonePe Private Limited,UPI_FULFILMENT,,03-10-2025,03-10-2025,04-10-2025,AXNPN27701342567,1000.0,0.0,0.0,0.0,0.0
PAYMENT,KTCL-GN2412005281-68df3ae22d77f,OMO2510030824263277183129,PhonePe Private Limited,UPI_FULFILMENT,,03-10-2025,03-10-2025,04-10-2025,AXNPN27701342567,2000.0,0.0,0.0,0.0,0.0
PAYMENT,KTCL-ST2501002968-68dfa5c658b9c,OMO2510031600304882430071,PhonePe Private Limited,UPI_FULFILMENT,,03-10-2025,03-10-2025,04-10-2025,AXNPN27701342567,100.0,0.0,0.0,0.0,0.0
PAYMENT,KTCL-GN2505022842-68df78d3e1c55,OMO2510031248440525434646,PhonePe Private Limited,UPI_FULFILMENT,,03-10-2025,03-10-2025,04-10-2025,AXNPN27701342567,1000.0,0.0,0.0,0.0,0.0
PAYMENT,KTCL-GN2509023140-68df33dc5e7c3,OMO2510030754285095434688,PhonePe Private Limited,UPI_FULFILMENT,,03-10-2025,03-10-2025,04-10-2025,AXNPN27701342567,300.0,0.0,0.0,0.0,0.0
PAYMENT,KTCL-GN2505020668-68dfa0a7e1a60,OMO2510031538400615318916,PhonePe Private Limited,UPI_FULFILMENT,,03-10-2025,03-10-2025,04-10-2025,AXNPN27701342567,300.0,0.0,0.0,0.0,0.0
PAYMENT,KTCL-ST2412000120-68df80cfcdc17,OMO2510031322479945318098,PhonePe Private Limited,UPI_FULFILMENT,,03-10-2025,03-10-2025,04-10-2025,AXNPN27701342567,100.0,0.0,0.0,0.0,0.0
PAYMENT,KTCL-GN2502018905-68df438debe48,OMO2510030901261423350524,PhonePe Private Limited,UPI_FULFILMENT,,03-10-2025,03-10-2025,04-10-2025,AXNPN27701342567,200.0,0.0,0.0,0.0,0.0
PAYMENT,KTCL-GN2502013926-68df3a4a454da,OMO2510030821543984948594,PhonePe Private Limited,UPI_FULFILMENT,,03-10-2025,03-10-2025,04-10-2025,AXNPN27701342567,100.0,0.0,0.0,0.0,0.0
PAYMENT,KTCL-GN2412001102-68dfb44f39d61,OMO2510031702313739615289,PhonePe Private Limited,UPI_FULFILMENT,,03-10-2025,03-10-2025,04-10-2025,AXNPN27701342567,300.0,0.0,0.0,0.0,0.0
PAYMENT,KTCL-GN2412003484-68dfba2f7b993,OMO2510031727356779615773,PhonePe Private Limited,UPI_FULFILMENT,,03-10-2025,03-10-2025,04-10-2025,AXNPN27701342567,500.0,0.0,0.0,0.0,0.0
PAYMENT,KTCL-GN2505022946-68dfbf7f48968,OMO2510031750154253515084,PhonePe Private Limited,UPI_FULFILMENT,,03-10-2025,03-10-2025,04-10-2025,AXNPN27701342567,100.0,0.0,0.0,0.0,0.0
PAYMENT,KTCL-GN2412001087-68df783c23535,OMO2510031246123370865494,PhonePe Private Limited,UPI_FULFILMENT,,03-10-2025,03-10-2025,04-10-2025,AXNPN27701342567,100.0,0.0,0.0,0.0,0.0
PAYMENT,KTCL-GN2502018398-68df4336679c3,OMO2510030859586192962043,PhonePe Private Limited,UPI_FULFILMENT,,03-10-2025,03-10-2025,04-10-2025,AXNPN27701342567,100.0,0.0,0.0,0.0,0.0
PAYMENT,KTCL-GN2412006715-68dfbfbc61b7c,OMO2510031751165665515986,PhonePe Private Limited,UPI_FULFILMENT,,03-10-2025,03-10-2025,04-10-2025,AXNPN27701342567,1000.0,0.0,0.0,0.0,0.0
PAYMENT,KTCL-GN2505020163-68dfbf48e9967,OMO2510031749211001776433,PhonePe Private Limited,PG_DC_FULFILMENT,,03-10-2025,03-10-2025,04-10-2025,AXNPN27701342567,200.0,0.0,0.0,0.0,0.0
CONVENIENCE_FEE,KTCL-GN2505020163-68dfbf48e9967,T2510031750139160557998,PhonePe Private Limited,PG_DC_ADDITIONAL_FEE_REVENUE,,03-10-2025,03-10-2025,04-10-2025,AXNPN27701342567,-0.94,0.79661,0.14339,0.0,0.0
PAYMENT,KTCL-GN2412006629-68dfbaabd5f8b,OMO2510031729400281357600,PhonePe Private Limited,UPI_FULFILMENT,,03-10-2025,03-10-2025,04-10-2025,AXNPN27701342567,150.0,0.0,0.0,0.0,0.0
PAYMENT,KTCL-GN2505022521-68dfc519d0d61,OMO2510031814099925515589,PhonePe Private Limited,UPI_FULFILMENT,,03-10-2025,03-10-2025,04-10-2025,AXNPN27701342567,300.0,0.0,0.0,0.0,0.0
PAYMENT,KTCL-GN2505020227-68dfc7768eea5,OMO2510031824147239615281,PhonePe Private Limited,UPI_FULFILMENT,,03-10-2025,03-10-2025,04-10-2025,AXNPN27701342567,300.0,0.0,0.0,0.0,0.0
PAYMENT,KTCL-GN2412003722-68dfb08aeaeba,OMO2510031646271606218968,PhonePe Private Limited,UPI_FULFILMENT,,03-10-2025,03-10-2025,04-10-2025,AXNPN27701342567,350.0,0.0,0.0,0.0,0.0
PAYMENT,KTCL-GN2502019166-68dfc014a282e,OMO2510031752447991357323,PhonePe Private Limited,UPI_FULFILMENT,,03-10-2025,03-10-2025,04-10-2025,AXNPN27701342567,500.0,0.0,0.0,0.0,0.0
PAYMENT,KTCL-GN2412006745-68dff02018e17,OMO2510032117442550797496,PhonePe Private Limited,UPI_FULFILMENT,,03-10-2025,03-10-2025,04-10-2025,AXNPN27701342567,1000.0,0.0,0.0,0.0,0.0
PAYMENT,KTCL-GN2412009291-68df3b83f30c0,OMO2510030827081077183697,PhonePe Private Limited,UPI_FULFILMENT,,03-10-2025,03-10-2025,04-10-2025,AXNPN27701342567,500.0,0.0,0.0,0.0,0.0
PAYMENT,KTCL-GN2412005642-68df3f0706a7b,OMO2510030842071694119624,PhonePe Private Limited,UPI_FULFILMENT,,03-10-2025,03-10-2025,04-10-2025,AXNPN27701342567,200.0,0.0,0.0,0.0,0.0
PAYMENT,KTCL-SC2412000244-68dfa3c08124e,OMO2510031551526672420991,PhonePe Private Limited,UPI_FULFILMENT,,03-10-2025,03-10-2025,04-10-2025,AXNPN27701342567,150.0,0.0,0.0,0.0,0.0
PAYMENT,KTCL-GN2502018033-68dfbc0edb760,OMO2510031735350569615028,PhonePe Private Limited,UPI_FULFILMENT,,03-10-2025,03-10-2025,04-10-2025,AXNPN27701342567,500.0,0.0,0.0,0.0,0.0
PAYMENT,KTCL-GN2502015687-68df97a657dca,OMO2510031500144881545973,PhonePe Private Limited,UPI_FULFILMENT,,03-10-2025,03-10-2025,04-10-2025,AXNPN27701342567,100.0,0.0,0.0,0.0,0.0
PAYMENT,KTCL-GN2502011549-68dfb8f2b8d76,OMO2510031722188946218616,PhonePe Private Limited,UPI_FULFILMENT,,03-10-2025,03-10-2025,04-10-2025,AXNPN27701342567,500.0,0.0,0.0,0.0,0.0
PAYMENT,KTCL-ST2501002048-68df303963246,OMO2510030738575242962189,PhonePe Private Limited,UPI_FULFILMENT,,03-10-2025,03-10-2025,04-10-2025,AXNPN27701342567,500.0,0.0,0.0,0.0,0.0
PAYMENT,KTCL-GN2412007203-68df445170744,OMO2510030904415925447659,PhonePe Private Limited,UPI_FULFILMENT,,03-10-2025,03-10-2025,04-10-2025,AXNPN27701342567,500.0,0.0,0.0,0.0,0.0
PAYMENT,KTCL-GN2502011018-68df3af65465f,OMO2510030824464779623193,PhonePe Private Limited,UPI_FULFILMENT,,03-10-2025,03-10-2025,04-10-2025,AXNPN27701342567,250.0,0.0,0.0,0.0,0.0
PAYMENT,KTCL-GN2502010345-68df4051e61e0,OMO2510030847380969928056,PhonePe Private Limited,UPI_FULFILMENT,,03-10-2025,03-10-2025,04-10-2025,AXNPN27701342567,200.0,0.0,0.0,0.0,0.0
PAYMENT,KTCL-GN2502019615-68df2b22837cb,OMO2510030717146469279078,PhonePe Private Limited,UPI_FULFILMENT,,03-10-2025,03-10-2025,04-10-2025,AXNPN27701342567,400.0,0.0,0.0,0.0,0.0
PAYMENT,KTCL-GN2412001480-68dfbae8d2ab5,OMO2510031730410192430965,PhonePe Private Limited,UPI_FULFILMENT,,03-10-2025,03-10-2025,04-10-2025,AXNPN27701342567,100.0,0.0,0.0,0.0,0.0
PAYMENT,KTCL-ST2503003350-68df2e4920c53,OMO2510030730412614755034,PhonePe Private Limited,UPI_FULFILMENT,,03-10-2025,03-10-2025,04-10-2025,AXNPN27701342567,100.0,0.0,0.0,0.0,0.0
PAYMENT,KTCL-GN2412001567-68df3b98dbb8c,OMO2510030827290214948096,PhonePe Private Limited,UPI_FULFILMENT,,03-10-2025,03-10-2025,04-10-2025,AXNPN27701342567,100.0,0.0,0.0,0.0,0.0
PAYMENT,KTCL-GN2509023894-68df3b683cc7b,OMO2510030826403584755376,PhonePe Private Limited,UPI_FULFILMENT,,03-10-2025,03-10-2025,04-10-2025,AXNPN27701342567,100.0,0.0,0.0,0.0,0.0
PAYMENT,KTCL-GN2505020210-68df59095f06d,OMO2510031033055350801684,PhonePe Private Limited,UPI_FULFILMENT,,03-10-2025,03-10-2025,04-10-2025,AXNPN27701342567,750.0,0.0,0.0,0.0,0.0
PAYMENT,KTCL-GN2412008854-68df26eea3c98,OMO2510030659189059928574,PhonePe Private Limited,UPI_FULFILMENT,,03-10-2025,03-10-2025,04-10-2025,AXNPN27701342567,300.0,0.0,0.0,0.0,0.0
PAYMENT,KTCL-GN2505021181-68df33447d24a,OMO2510030751566373871745,PhonePe Private Limited,UPI_FULFILMENT,,03-10-2025,03-10-2025,04-10-2025,AXNPN27701342567,200.0,0.0,0.0,0.0,0.0
PAYMENT,KTCL-GN2505022718-68dfc062a2ac3,OMO2510031754027913826769,PhonePe Private Limited,UPI_FULFILMENT,,03-10-2025,03-10-2025,04-10-2025,AXNPN27701342567,3000.0,0.0,0.0,0.0,0.0
PAYMENT,KTCL-GN2502018852-68df462a65220,OMO2510030912345462962937,PhonePe Private Limited,UPI_FULFILMENT,,03-10-2025,03-10-2025,04-10-2025,AXNPN27701342567,500.0,0.0,0.0,0.0,0.0
PAYMENT,KTCL-GN2502019886-68df25a270c4a,OMO2510030653465873350069,PhonePe Private Limited,UPI_FULFILMENT,,03-10-2025,03-10-2025,04-10-2025,AXNPN27701342567,100.0,0.0,0.0,0.0,0.0
PAYMENT,KTCL-GN2502011352-68e00dab30f9b,OMO2510032323474389704023,PhonePe Private Limited,UPI_FULFILMENT,,03-10-2025,03-10-2025,04-10-2025,AXNPN27701342567,1500.0,0.0,0.0,0.0,0.0
PAYMENT,KTCL-GN2502010326-68df3e8b6ce80,OMO2510030840035839279785,PhonePe Private Limited,UPI_FULFILMENT,,03-10-2025,03-10-2025,04-10-2025,AXNPN27701342567,100.0,0.0,0.0,0.0,0.0
PAYMENT,KTCL-GN2412005271-68df284ac5657,OMO2510030705069691616914,PhonePe Private Limited,UPI_FULFILMENT,,03-10-2025,03-10-2025,04-10-2025,AXNPN27701342567,100.0,0.0,0.0,0.0,0.0
PAYMENT,KTCL-GN2412002524-68df2af789caf,OMO2510030716316899623776,PhonePe Private Limited,UPI_FULFILMENT,,03-10-2025,03-10-2025,04-10-2025,AXNPN27701342567,600.0,0.0,0.0,0.0,0.0
PAYMENT,KTCL-GN2412003265-68dfbe899e0d7,OMO2510031746098115318148,PhonePe Private Limited,UPI_FULFILMENT,,03-10-2025,03-10-2025,04-10-2025,AXNPN27701342567,500.0,0.0,0.0,0.0,0.0
PAYMENT,KTCL-GN2412006703-68df27097c1cb,OMO2510030659456320865970,PhonePe Private Limited,UPI_FULFILMENT,,03-10-2025,03-10-2025,04-10-2025,AXNPN27701342567,300.0,0.0,0.0,0.0,0.0
PAYMENT,KTCL-GN2412001865-68df3e2d9d2de,OMO2510030838297825447906,PhonePe Private Limited,UPI_FULFILMENT,,03-10-2025,03-10-2025,04-10-2025,AXNPN27701342567,700.0,0.0,0.0,0.0,0.0
PAYMENT,KTCL-ST2501001170-68dfb40228b1c,OMO2510031701143400878665,PhonePe Private Limited,UPI_FULFILMENT,,03-10-2025,03-10-2025,04-10-2025,AXNPN27701342567,100.0,0.0,0.0,0.0,0.0
PAYMENT,KTCL-GN2505020393-68dfcef2ef998,OMO2510031856110999615793,PhonePe Private Limited,UPI_FULFILMENT,,03-10-2025,03-10-2025,04-10-2025,AXNPN27701342567,500.0,0.0,0.0,0.0,0.0
PAYMENT,KTCL-ST2507004422-68e0066b753d3,OMO2510032252516206218901,PhonePe Private Limited,UPI_FULFILMENT,,03-10-2025,03-10-2025,04-10-2025,AXNPN27701342567,100.0,0.0,0.0,0.0,0.0
PAYMENT,KTCL-GN2412007404-68df309f51d49,OMO2510030740394696198448,PhonePe Private Limited,UPI_FULFILMENT,,03-10-2025,03-10-2025,04-10-2025,AXNPN27701342567,1000.0,0.0,0.0,0.0,0.0
PAYMENT,KTCL-GN2505021953-68df4ea0d86c6,OMO2510030948410099279452,PhonePe Private Limited,UPI_FULFILMENT,,03-10-2025,03-10-2025,04-10-2025,AXNPN27701342567,500.0,0.0,0.0,0.0,0.0
PAYMENT,KTCL-GN2505022204-68df2ba3f17e8,OMO2510030719241405447989,PhonePe Private Limited,UPI_FULFILMENT,,03-10-2025,03-10-2025,04-10-2025,AXNPN27701342567,200.0,0.0,0.0,0.0,0.0
PAYMENT,KTCL-GN2502014934-68dfcbb6b3d09,OMO2510031842228939730954,PhonePe Private Limited,UPI_FULFILMENT,,03-10-2025,03-10-2025,04-10-2025,AXNPN27701342567,500.0,0.0,0.0,0.0,0.0
PAYMENT,KTCL-GN2412005167-68df231f9cd29,OMO2510030643037780865408,PhonePe Private Limited,UPI_FULFILMENT,,03-10-2025,03-10-2025,04-10-2025,AXNPN27701342567,500.0,0.0,0.0,0.0,0.0
PAYMENT,KTCL-ST2501001229-68df2919c753d,OMO2510030708339261616721,PhonePe Private Limited,UPI_FULFILMENT,,03-10-2025,03-10-2025,04-10-2025,AXNPN27701342567,100.0,0.0,0.0,0.0,0.0
PAYMENT,KTCL-ST2501001905-68df35260401a,OMO2510030759581515447141,PhonePe Private Limited,UPI_FULFILMENT,,03-10-2025,03-10-2025,04-10-2025,AXNPN27701342567,100.0,0.0,0.0,0.0,0.0
